,Unnamed: 0,YEAR,STATE NAME,DISTRICT NAME,TOTAL POULATION,GROWTH RATE,SEX RATIO,OVERALL LITERACY,FEMALE LITERACY,MALE LITERACY,AREA (SQ. KM) (AREA SQKM),TOTAL SCHOOLS (PREP),TOTAL STUDENTS (PRESTD),TOTAL  TEACHERS: MALE  (PMTCH),TOTAL  TEACHERS: FEMALE  (PFTCH),BLIND (BLC1),LOW VISION (LVC1),HEARING IMPAIRMENT (HEC1),SPEECH IMPAIRMENT (SPC1),LOCOMOTOR IMPAIRMENT (LOC1),MENTAL RETARDATION (MEC1),LEARNING DISABILITY (LEC1),CEREBRAL PALSY (CPC1),AUTISM (AUC1),MULTIPLE (MUC1)
0,0,2015-16,JAMMU AND KASHMIR,KUPWARA,875564.0,34.62,843.0,66.92,54.79,77.1,2379.0,1047,18000,1780,615,32,437,177,345,448,193,230,13,9,225
1,1,2015-16,JAMMU AND KASHMIR,BARAMULA,1015503.0,20.34,873.0,66.93,55.01,77.35,4243.0,1998,30671,2278,1954,30,1121,247,386,654,320,232,128,17,508
2,2,2015-16,JAMMU AND KASHMIR,SRINAGAR,1269751.0,23.56,879.0,71.21,63.47,77.95,1979.0,875,35467,1623,5821,33,816,94,137,133,130,585,16,6,71
3,3,2015-16,JAMMU AND KASHMIR,BADGAM,735753.0,21.18,883.0,57.98,46.6,68.56,1361.0,1285,21352,1487,1293,0,487,95,188,223,221,114,10,40,139
4,4,2015-16,JAMMU AND KASHMIR,PULWAMA,570060.0,29.18,913.0,65.0,53.81,75.41,1086.0,888,20018,1496,1045,9,684,91,179,180,172,220,12,13,129
5,5,2015-16,JAMMU AND KASHMIR,ANANTNAG,1070144.0,37.48,937.0,64.32,54.15,74.13,3574.0,1707,30943,2464,2047,9,581,124,258,376,232,195,12,31,237
6,6,2015-16,JAMMU AND KASHMIR,LEH (LADAKH),147104.0,25.48,583.0,80.48,64.52,89.39,45110.0,316,5309,237,481,0,33,9,7,12,7,9,2,2,4
7,7,2015-16,JAMMU AND KASHMIR,KARGIL,143388.0,20.18,775.0,74.49,58.05,86.73,14036.0,400,3155,358,162,0,165,31,54,28,20,24,4,4,36
8,8,2015-16,JAMMU AND KASHMIR,DODA,409576.0,27.89,922.0,65.97,50.34,80.36,8912.0,423,8037,893,674,19,449,182,202,216,85,110,8,16,182
9,9,2015-16,JAMMU AND KASHMIR,UDHAMPUR,555357.0,20.86,863.0,69.9,58.22,79.93,2637.0,854,11487,602,1717,0,191,88,250,256,126,129,7,4,129
10,10,2015-16,JAMMU AND KASHMIR,PUNCH,476820.0,27.97,890.0,68.69,54.8,81.04,1674.0,283,8383,648,538,6,134,111,225,246,111,97,3,6,93
11,11,2015-16,JAMMU AND KASHMIR,RAJAURI,619266.0,28.14,863.0,68.54,57.2,78.38,2630.0,640,13765,1281,1208,46,312,127,275,287,159,175,7,5,99
12,12,2015-16,JAMMU AND KASHMIR,JAMMU,1526406.0,12.48,871.0,83.98,77.41,89.77,2342.0,1540,45145,2857,9454,18,123,85,94,113,64,98,10,3,41
13,13,2015-16,JAMMU AND KASHMIR,KATHUA,615711.0,20.38,877.0,73.5,64.56,81.4,2502.0,784,16381,1044,2351,0,94,47,119,152,65,40,3,4,59
14,14,2015-16,JAMMU AND KASHMIR,SHOPIAN,265960.0,25.85,951.0,62.49,52.77,71.86,312.0,581,11098,1243,432,1,135,47,85,75,55,62,10,1,49
15,15,2015-16,JAMMU AND KASHMIR,BANDIPORA,385099.0,26.31,911.0,57.82,46.24,68.41,345.0,737,7643,572,413,0,165,39,105,95,98,107,7,2,45
16,16,2015-16,JAMMU AND KASHMIR,KISHTWAR,231037.0,21.06,917.0,58.54,44.13,71.75,1644.0,263,4657,366,406,0,86,36,87,91,41,28,2,1,27
17,17,2015-16,JAMMU AND KASHMIR,RAMBAN,283313.0,31.81,901.0,56.9,40.04,71.97,1329.0,159,3978,420,348,0,339,124,233,212,73,292,12,5,47
18,18,2015-16,JAMMU AND KASHMIR,GANDERBAL,297003.0,36.3,869.0,59.99,47.62,70.74,259.0,554,10233,760,558,0,150,36,118,116,62,144,3,8,46
19,19,2015-16,JAMMU AND KASHMIR,KULGAM,422786.0,7.3,951.0,60.35,49.74,70.58,410.0,773,12003,1423,610,22,146,53,123,175,135,71,11,0,133
20,20,2015-16,JAMMU AND KASHMIR,REASI,314714.0,27.06,891.0,59.42,47.55,69.93,1719.0,209,4713,190,519,4,79,36,62,74,39,62,9,9,54
21,21,2015-16,JAMMU AND KASHMIR,SAMBA,318611.0,16.9,886.0,82.48,74.39,89.76,904.0,462,10259,670,1810,0,80,21,41,53,43,30,0,0,29
22,22,2015-16,HIMACHAL PRADESH,CHAMBA,518844.0,12.58,989.0,73.19,62.14,84.19,6522.0,109,3543,344,752,2,102,70,100,104,79,51,3,6,47
23,23,2015-16,HIMACHAL PRADESH,KANGRA,1507223.0,12.56,1013.0,86.49,80.62,92.55,5739.0,440,22228,2033,4888,34,256,117,213,383,602,240,115,15,238
24,24,2015-16,HIMACHAL PRADESH,LAHUL AND SPITI,31528.0,-5.1,916.0,77.24,66.5,86.97,13841.0,16,252,45,48,0,66,4,7,3,0,0,0,0,0
25,25,2015-16,HIMACHAL PRADESH,KULLU,437474.0,14.65,950.0,80.14,71.01,88.8,5503.0,158,5528,658,1123,27,139,32,59,87,70,170,1,3,37
26,26,2015-16,HIMACHAL PRADESH,MANDI,999518.0,10.89,1012.0,82.81,74.33,91.51,3950.0,295,9762,1145,2554,25,139,55,116,160,230,483,13,6,92
27,27,2015-16,HIMACHAL PRADESH,HAMIRPUR (H,454293.0,10.08,1096.0,89.01,83.44,95.28,1118.0,176,6914,645,1799,5,58,34,34,59,181,56,33,5,31
28,28,2015-16,HIMACHAL PRADESH,UNA,521057.0,16.24,977.0,87.23,81.67,92.75,1540.0,132,8241,323,1422,4,68,45,68,101,116,155,3,2,42
29,29,2015-16,HIMACHAL PRADESH,BILASPUR (H,382056.0,12.08,981.0,85.67,78.9,92.39,1167.0,138,3916,488,1200,2,97,24,50,115,422,187,3,1,48
30,30,2015-16,HIMACHAL PRADESH,SOLAN,576670.0,15.21,884.0,85.02,78.02,91.19,1936.0,216,13604,596,2152,0,157,38,80,114,98,134,2,7,65
31,31,2015-16,HIMACHAL PRADESH,SIRMAUR,530164.0,15.61,915.0,79.98,72.55,86.76,2825.0,110,5980,502,1234,0,80,46,54,113,96,56,22,12,65
32,32,2015-16,HIMACHAL PRADESH,SHIMLA,813384.0,12.58,916.0,84.55,77.8,90.73,5131.0,331,13571,1180,3007,14,366,94,203,179,109,516,12,14,165
33,33,2015-16,HIMACHAL PRADESH,KINNAUR,84298.0,7.61,818.0,80.77,71.34,88.37,6401.0,55,1466,126,260,0,32,7,13,22,12,15,0,0,31
34,34,2015-16,PUNJAB,GURDASPUR,2299026.0,9.3,895.0,81.06,75.73,85.9,3551.0,389,35794,1299,6782,28,1199,349,323,366,931,1313,198,14,269
35,35,2015-16,PUNJAB,AMRITSAR,2490891.0,15.48,884.0,77.2,72.75,81.2,2683.0,730,66022,151,406,23,1704,310,441,526,1795,1359,112,29,239
36,36,2015-16,PUNJAB,KAPURTHALA,817668.0,8.37,912.0,80.18,75.36,84.6,1633.0,232,22158,622,3599,1,1177,153,148,212,1345,1,72,7,159
37,37,2015-16,PUNJAB,JALANDHAR,2181753.0,11.16,913.0,82.4,78.31,86.1,2624.0,582,55241,158,384,9,3071,181,297,259,947,247,123,17,273
38,38,2015-16,PUNJAB,HOSHIARPUR,1582793.0,6.85,962.0,85.43,80.78,89.9,3386.0,393,34588,1110,5966,7,2420,217,371,292,1338,833,226,5,167
39,39,2015-16,PUNJAB,NAWANSHAHR,614362.0,4.58,954.0,80.33,74.28,86.2,1282.0,162,14137,437,2138,15,463,144,145,147,427,67,30,24,90
40,40,2015-16,PUNJAB,RUPNAGAR,683349.0,8.67,913.0,83.28,77.17,88.9,1356.0,141,14747,64,118,10,803,135,264,195,518,725,51,1,224
41,41,2015-16,PUNJAB,FATEHGARH SAHIB,599814.0,11.39,871.0,80.33,75.53,84.5,1180.0,147,14809,58,183,3,2179,188,332,161,534,0,57,10,152
42,42,2015-16,PUNJAB,LUDHIANA,3487882.0,15.0,869.0,82.54,78.16,86.3,3578.0,940,99003,2962,20054,130,4671,359,825,568,865,71,113,17,181
43,43,2015-16,PUNJAB,MOGA,992289.0,10.9,893.0,71.59,67.41,75.3,2242.0,201,18395,491,2590,4,1547,202,344,351,696,445,103,2,98
44,44,2015-16,PUNJAB,FIROZPUR,2026831.0,16.08,893.0,69.85,62.24,76.7,5305.0,196,19038,794,3100,14,1005,268,345,321,1015,1435,102,10,253
45,45,2015-16,PUNJAB,MUKTSAR,902702.0,16.1,895.0,66.79,60.03,72.9,2593.0,185,18702,736,2755,8,922,100,150,261,560,2,67,1,105
46,46,2015-16,PUNJAB,FARIDKOT,618008.0,12.18,889.0,70.65,64.82,75.9,1458.0,116,10705,400,1941,22,486,111,251,164,559,668,48,1,59
47,47,2015-16,PUNJAB,BATHINDA,1388859.0,17.37,865.0,69.57,62.92,75.3,3353.0,254,22904,804,4655,21,2021,276,519,324,1220,1317,175,19,106
48,48,2015-16,PUNJAB,MANSA,768808.0,11.62,880.0,62.78,56.41,68.4,2198.0,138,11033,545,1791,10,438,153,138,434,611,455,54,4,66
49,49,2015-16,PUNJAB,SANGRUR,1654408.0,12.3,883.0,68.88,62.86,74.2,3625.0,402,34539,1829,6156,21,895,299,562,691,1261,203,104,11,242
50,50,2015-16,PUNJAB,PATIALA,1892282.0,19.4,888.0,76.26,70.47,81.4,3325.0,577,46774,1626,9046,60,1467,488,556,569,1867,553,166,14,371
51,51,2015-16,PUNJAB,MOHALI,986147.0,32.02,878.0,84.87,80.01,89.2,1094.0,331,32029,479,5324,6,1216,94,177,151,749,181,62,20,182
52,52,2015-16,PUNJAB,TARAN TARAN,1120070.0,19.28,898.0,69.43,62.88,75.4,2414.0,281,24269,888,4136,71,729,147,200,450,1126,284,61,17,146
53,53,2015-16,PUNJAB,BARNALA,596294.0,13.16,876.0,68.9,64.14,73.1,1482.0,146,10696,494,2352,13,71,98,123,183,289,126,68,4,107
54,54,2015-16,PUNJAB,Fazilka,,,,,,,0.0,227,17674,1052,2754,19,1652,260,369,391,809,10,105,2,191
55,55,2015-16,PUNJAB,PATHANKOT,,,,,,,0.0,176,12906,510,2686,3,181,29,80,103,195,52,33,4,78
56,56,2015-16,CHANDIGARH,CHANDIGARH,1054686.0,17.1,818.0,86.43,81.38,90.54,114.0,184,21243,390,3411,107,1339,147,751,186,435,779,74,23,68
57,57,2015-16,UTTARAKHAND,UTTARKASHI,329686.0,11.75,959.0,75.98,62.23,89.26,8016.0,170,5855,986,716,43,36,40,61,118,97,82,4,18,56
58,58,2015-16,UTTARAKHAND,CHAMOLI,391114.0,5.6,1021.0,83.48,73.2,94.18,8030.0,146,4609,847,665,9,64,38,56,133,174,50,6,3,61
59,59,2015-16,UTTARAKHAND,RUDRAPRAYAG,236857.0,4.14,1120.0,82.09,70.94,94.97,1984.0,177,3752,638,424,12,56,61,86,111,109,96,10,2,45
60,60,2015-16,UTTARAKHAND,TEHRI GARHWAL,616409.0,1.93,1078.0,75.1,61.77,89.91,3642.0,233,9053,1375,1225,18,87,48,79,111,164,122,13,28,105
61,61,2015-16,UTTARAKHAND,DEHRADUN,1698560.0,32.48,902.0,85.24,79.61,90.32,3088.0,608,42652,1720,6027,91,189,175,94,203,317,67,60,38,137
62,62,2015-16,UTTARAKHAND,GARHWAL,686527.0,-1.51,1103.0,82.59,73.26,93.18,5329.0,274,12831,1572,1512,5,54,35,20,93,101,127,2,4,58
63,63,2015-16,UTTARAKHAND,PITHORAGARH,485993.0,5.13,1021.0,82.93,72.97,93.45,7090.0,288,10528,1010,1247,12,143,79,58,97,115,247,17,13,60
64,64,2015-16,UTTARAKHAND,BAGESHWAR,259840.0,5.13,1093.0,80.69,69.59,93.2,2241.0,57,2384,502,352,1,46,27,26,59,61,50,4,2,21
65,65,2015-16,UTTARAKHAND,ALMORA,621927.0,-1.73,1142.0,81.06,70.44,93.57,3144.0,232,6943,1074,1052,3,74,36,69,112,121,68,11,6,57
66,66,2015-16,UTTARAKHAND,CHAMPAWAT,259315.0,15.49,981.0,80.73,68.81,92.65,1766.0,68,2641,483,444,1,36,38,20,59,50,86,2,1,26
67,67,2015-16,UTTARAKHAND,NAINITAL,955128.0,25.2,933.0,84.85,78.21,91.09,4251.0,352,16571,1340,3390,33,67,33,40,126,94,63,11,12,77
68,68,2015-16,UTTARAKHAND,UDHAM SINGH NAGAR,1648367.0,33.4,919.0,74.44,65.73,82.48,2542.0,89,7553,3169,5036,11,156,97,135,276,158,673,11,18,71
69,69,2015-16,UTTARAKHAND,HARDWAR,1927029.0,33.16,879.0,74.62,65.96,82.26,2360.0,348,32909,1792,3546,15,90,122,95,293,254,82,7,9,125
70,70,2015-16,HARYANA,PANCHKULA,558890.0,19.32,870.0,83.44,77.48,88.65,898.0,222,12122,227,2025,5,269,42,25,129,284,71,16,2,40
71,71,2015-16,HARYANA,AMBALA,1136784.0,12.06,882.0,82.89,76.64,88.47,1574.0,704,25748,730,3841,24,156,113,100,222,432,79,32,9,111
72,72,2015-16,HARYANA,YAMUNANAGAR,1214162.0,16.56,877.0,78.93,71.99,85.06,1768.0,764,23498,1102,3372,22,118,111,63,243,477,294,34,10,126
73,73,2015-16,HARYANA,KURUKSHETRA,964231.0,16.81,889.0,76.7,69.18,83.46,1530.0,654,18993,1021,2580,14,121,107,53,255,542,50,30,6,147
74,74,2015-16,HARYANA,KAITHAL,1072861.0,13.39,880.0,70.56,60.69,79.33,2317.0,401,20876,1623,3098,10,258,116,145,328,540,368,43,19,173
75,75,2015-16,HARYANA,KARNAL,1506323.0,18.22,886.0,76.44,68.29,83.73,2520.0,424,34483,1878,4787,14,402,82,116,328,529,147,9,7,163
76,76,2015-16,HARYANA,PANIPAT,1202811.0,24.33,861.0,77.46,68.23,85.45,1268.0,314,21136,1401,3587,71,123,80,109,220,346,373,18,8,121
77,77,2015-16,HARYANA,SONIPAT,1480080.0,15.71,853.0,80.83,70.88,89.4,2122.0,476,27455,2286,5797,16,428,172,282,304,660,219,27,10,201
78,78,2015-16,HARYANA,JIND,1332042.0,11.95,870.0,72.73,61.58,82.49,2702.0,398,14975,2102,3047,14,178,112,118,333,494,111,32,7,165
79,79,2015-16,HARYANA,FATEHABAD,941522.0,16.79,903.0,69.13,59.29,78.1,2538.0,400,12862,1092,1725,21,108,95,89,298,397,96,17,9,121
80,80,2015-16,HARYANA,SIRSA,1295114.0,15.98,896.0,70.35,61.16,78.64,4277.0,612,21508,1439,2845,14,269,190,200,412,428,426,86,10,182
81,81,2015-16,HARYANA,HISAR,1742815.0,13.38,871.0,73.24,62.31,82.79,3983.0,386,23066,2748,5360,46,167,145,104,419,579,100,25,6,232
82,82,2015-16,HARYANA,BHIWANI,1629109.0,14.32,884.0,76.74,64.8,87.39,4778.0,650,17548,3292,4413,13,231,127,196,362,554,192,47,21,331
83,83,2015-16,HARYANA,ROHTAK,1058683.0,12.61,868.0,80.37,71.19,88.42,1745.0,124,5410,1218,2718,11,107,93,71,229,377,36,11,2,55
84,84,2015-16,HARYANA,JHAJJAR,956907.0,8.73,861.0,80.83,70.96,89.44,1834.0,431,15770,1692,3702,5,56,50,53,97,182,35,7,6,90
85,85,2015-16,HARYANA,MAHENDRAGARH,921680.0,13.43,894.0,78.87,65.25,91.28,1899.0,412,8895,2054,1961,34,88,70,122,213,248,183,14,14,129
86,86,2015-16,HARYANA,REWARI,896129.0,17.09,898.0,82.23,70.54,92.92,1594.0,68,3972,1392,2232,14,66,64,82,179,242,54,24,3,120
87,87,2015-16,HARYANA,GURGAON,1514085.0,73.93,853.0,84.44,77.64,90.27,1258.0,425,24663,1160,4583,10,94,91,75,217,248,170,11,30,72
88,88,2015-16,HARYANA,FARIDABAD,1798954.0,31.75,871.0,83.04,75.17,89.94,741.0,330,32500,1887,6477,7,119,122,37,152,163,52,55,14,45
89,89,2015-16,HARYANA,MEWAT,1089406.0,37.94,906.0,56.14,37.58,72.98,1507.0,59,5573,1025,592,37,139,153,149,441,241,82,10,10,82
90,90,2015-16,HARYANA,PALWAL,1040493.0,25.49,879.0,70.32,56.4,82.6,1359.0,192,11870,2520,2851,13,123,101,142,305,253,168,43,12,119
91,91,2015-16,DELHI,NORTH WEST DELHI,3651261.0,27.63,862.0,84.66,78.76,89.74,443.0,607,51669,1756,10757,119,1585,394,285,667,322,644,34,66,212
92,92,2015-16,DELHI,NORTH DELHI,883418.0,13.04,871.0,86.81,81.92,91.06,61.0,122,6152,439,2142,17,170,31,54,101,61,22,8,7,38
93,93,2015-16,DELHI,NORTH EAST DELHI,2240749.0,26.73,886.0,82.8,76.51,88.39,62.0,192,15342,1027,5428,31,372,111,122,497,249,222,23,23,78
94,94,2015-16,DELHI,EAST DELHI,1707725.0,16.68,883.0,88.75,84.55,92.47,63.0,285,23423,689,6023,10,344,382,106,308,193,502,21,13,116
95,95,2015-16,DELHI,NEW DELHI,133713.0,-25.35,811.0,89.38,84.83,93.04,35.0,55,4773,227,1550,98,124,24,17,34,25,105,7,15,16
96,96,2015-16,DELHI,CENTRAL DELHI,578671.0,-10.48,892.0,85.25,82.6,87.6,21.0,93,6562,546,2205,15,336,295,51,82,56,390,18,14,74
97,97,2015-16,DELHI,WEST DELHI,2531583.0,18.91,876.0,87.12,82.5,91.17,130.0,417,33444,1178,8608,146,1475,201,233,489,285,486,40,31,155
98,98,2015-16,DELHI,SOUTH WEST DELHI,2292363.0,30.62,836.0,88.81,83.07,93.62,421.0,397,37029,1434,9790,118,585,210,171,365,343,659,79,97,134
99,99,2015-16,DELHI,SOUTH DELHI,2733752.0,20.59,859.0,87.03,80.99,92.2,247.0,382,33420,1214,7617,209,813,210,231,408,463,913,41,77,177
100,100,2015-16,RAJASTHAN,GANGANAGAR,1969520.0,10.06,887.0,70.25,60.07,79.33,10978.0,430,23497,5060,5486,56,717,390,902,732,1026,1384,148,15,185
101,101,2015-16,RAJASTHAN,HANUMANGARH,1779650.0,17.24,906.0,68.37,56.91,78.82,9656.0,288,18052,5756,3771,51,802,191,617,558,519,560,86,4,76
102,102,2015-16,RAJASTHAN,BIKANER,2367745.0,41.42,903.0,65.92,53.77,76.9,30239.0,656,41998,6496,4705,129,889,472,466,702,772,869,53,31,175
103,103,2015-16,RAJASTHAN,CHURU,2041172.0,6.1,938.0,67.46,54.25,79.95,13835.0,365,20164,6954,3667,18,275,142,334,514,494,372,67,11,62
104,104,2015-16,RAJASTHAN,JHUNJHUNUN,2139658.0,11.81,950.0,74.72,61.15,87.88,5928.0,169,16858,7532,4533,18,217,189,186,398,759,117,217,2,79
105,105,2015-16,RAJASTHAN,ALWAR,3671999.0,22.7,894.0,71.68,56.78,85.08,8380.0,794,47152,11778,6896,53,353,465,459,963,1364,924,202,3,325
106,106,2015-16,RAJASTHAN,BHARATPUR,2549121.0,21.32,877.0,71.16,54.63,85.7,5066.0,109,5730,9718,3164,29,438,325,416,818,1148,618,162,3,306
107,107,2015-16,RAJASTHAN,DHAULPUR,1207293.0,22.78,845.0,70.14,55.45,82.53,3033.0,98,6463,4227,1386,28,160,176,149,460,434,430,82,6,86
108,108,2015-16,RAJASTHAN,KARAULI,1458459.0,20.57,858.0,67.34,49.18,82.96,5524.0,122,3717,4107,884,31,131,153,311,358,414,847,21,4,54
109,109,2015-16,RAJASTHAN,SAWAI MADHOPUR,1338114.0,19.79,894.0,66.19,47.8,82.72,4498.0,546,23759,5118,2039,8,139,110,281,443,715,1375,59,0,120
110,110,2015-16,RAJASTHAN,Dausa,1637226.0,24.31,904.0,69.17,52.33,84.54,3432.0,632,31418,5856,1533,11,278,367,655,553,658,717,153,4,122
111,111,2015-16,RAJASTHAN,JAIPUR,6663971.0,26.91,909.0,76.44,64.63,87.27,11143.0,3705,256851,25531,21744,121,725,1020,1294,1020,2124,1939,272,59,272
112,112,2015-16,RAJASTHAN,SIKAR,2677737.0,17.04,944.0,72.98,58.76,86.66,7732.0,558,30334,10334,4498,11,196,193,432,480,680,172,49,6,94
113,113,2015-16,RAJASTHAN,NAGAUR,3309234.0,19.25,948.0,64.08,48.63,78.9,17718.0,495,29815,11134,4007,53,696,406,788,1058,1074,809,269,17,116
114,114,2015-16,RAJASTHAN,JODHPUR,3685681.0,27.69,915.0,67.09,52.57,80.46,22850.0,1134,79116,11328,9136,199,656,537,943,1477,613,755,64,99,144
115,115,2015-16,RAJASTHAN,JAISALMER,672008.0,32.22,849.0,58.04,40.23,73.09,38401.0,205,12186,1218,449,31,77,53,70,79,115,368,18,0,12
116,116,2015-16,RAJASTHAN,BARMER,2604453.0,32.55,900.0,57.49,41.03,72.32,28387.0,439,20409,3881,827,157,342,347,1072,784,856,1166,75,55,103
117,117,2015-16,RAJASTHAN,JALOR,1830151.0,26.31,951.0,55.58,38.73,71.83,10640.0,64,3288,5196,1235,24,281,250,391,523,605,336,54,11,75
118,118,2015-16,RAJASTHAN,SIROHI,1037185.0,21.86,938.0,56.02,40.12,71.09,5136.0,260,16465,2007,1322,53,329,161,256,503,446,240,12,35,70
119,119,2015-16,RAJASTHAN,PALI,2038533.0,11.99,987.0,63.23,48.35,78.16,12387.0,468,25205,4953,3576,44,669,198,483,636,866,993,32,5,103
120,120,2015-16,RAJASTHAN,AJMER,2584913.0,18.48,950.0,70.46,56.42,83.93,8481.0,1007,72040,4308,7978,40,394,451,377,717,1122,641,138,6,182
121,121,2015-16,RAJASTHAN,TONK,1421711.0,17.33,949.0,62.46,46.01,78.27,7194.0,609,28702,5034,2957,13,243,279,263,432,723,754,86,5,117
122,122,2015-16,RAJASTHAN,BUNDI,1113725.0,15.7,922.0,62.31,47.0,76.52,5776.0,559,24212,3107,2448,9,118,144,149,277,611,576,74,15,117
123,123,2015-16,RAJASTHAN,BHILWARA,2410459.0,19.7,969.0,62.71,47.93,77.16,10455.0,971,58420,3009,4896,26,581,382,655,747,1557,465,153,9,162
124,124,2015-16,RAJASTHAN,RAJSAMAND,1158283.0,17.35,988.0,63.93,48.44,79.52,4655.0,453,23101,1567,2351,16,307,182,330,477,675,658,36,6,101
125,125,2015-16,RAJASTHAN,UDAIPUR,3067549.0,23.66,958.0,62.74,49.1,75.91,11724.0,999,59418,3521,6673,93,398,336,542,778,1014,1323,57,25,134
126,126,2015-16,RAJASTHAN,DUNGARPUR,1388906.0,25.39,990.0,60.78,46.98,74.66,3770.0,433,26703,2283,1987,69,228,164,250,380,408,378,16,1,45
127,127,2015-16,RAJASTHAN,BANSWARA,1798194.0,26.58,979.0,57.2,43.47,70.8,4522.0,444,29565,2508,1767,34,818,192,326,742,480,3636,64,3,64
128,128,2015-16,RAJASTHAN,CHITTAURGARH,1544392.0,16.09,970.0,62.51,46.98,77.74,7822.0,511,26907,1949,3554,27,307,275,445,662,1219,951,206,13,159
129,129,2015-16,RAJASTHAN,KOTA,1950491.0,24.35,906.0,77.48,66.32,87.63,5217.0,1042,67332,5841,7452,37,107,290,130,245,411,508,25,13,42
130,130,2015-16,RAJASTHAN,BARAN,1223921.0,19.8,926.0,67.38,52.48,81.23,6992.0,577,20289,3350,1606,20,195,187,272,427,673,323,146,4,158
131,131,2015-16,RAJASTHAN,JHALAWAR,1411327.0,19.57,945.0,62.13,47.06,76.47,6219.0,407,24373,2769,1307,21,98,198,194,433,528,401,105,0,153
132,132,2015-16,RAJASTHAN,PRATAPGARH (RAJ,868231.0,22.84,982.0,56.3,42.4,70.13,4449.0,198,10430,1044,923,24,130,151,185,426,337,193,37,6,91
133,133,2015-16,UTTAR PRADESH,SAHARANPUR,3464228.0,19.59,887.0,72.03,63.3,79.77,3689.0,290,22487,5310,5363,39,277,403,406,541,1185,791,39,10,174
134,134,2015-16,UTTAR PRADESH,MUZAFFARNAGAR,4138605.0,16.8,886.0,70.11,60.0,79.11,4008.0,114,12570,4151,3339,147,160,277,145,553,442,74,21,1,77
135,135,2015-16,UTTAR PRADESH,BIJNOR,3683896.0,17.64,913.0,70.43,61.45,78.7,4561.0,247,15385,5769,5019,82,311,1014,622,631,1338,1489,46,11,132
136,136,2015-16,UTTAR PRADESH,MORADABAD,4773138.0,25.25,903.0,58.67,49.63,66.83,3718.0,26,2382,6697,5730,135,492,451,478,1070,1222,213,50,11,558
137,137,2015-16,UTTAR PRADESH,RAMPUR,2335398.0,21.4,905.0,55.08,46.19,63.1,2367.0,88,3017,2618,1942,334,261,431,268,495,673,91,36,34,107
138,138,2015-16,UTTAR PRADESH,JYOTIBA PHULE NAGAR,1838771.0,22.66,907.0,65.7,53.77,76.53,2249.0,305,16201,4210,2636,35,227,262,195,341,705,225,27,25,43
139,139,2015-16,UTTAR PRADESH,MEERUT,3447405.0,15.01,885.0,74.8,65.69,82.91,2559.0,25,0,3882,5056,332,343,437,387,688,524,447,299,287,462
140,140,2015-16,UTTAR PRADESH,BAGHPAT,1302156.0,11.87,858.0,73.54,61.22,84.17,1321.0,1,1,1864,471,35,104,150,57,27,489,104,0,2,0
141,141,2015-16,UTTAR PRADESH,GHAZIABAD,4661452.0,41.66,878.0,85.0,81.42,88.16,1179.0,27,4607,2014,3895,28,323,127,236,255,662,357,11,5,5
142,142,2015-16,UTTAR PRADESH,GAUTAM BUDDHA NAGAR,1674714.0,39.32,852.0,82.2,72.78,90.23,1282.0,175,15773,2996,3256,23,126,138,241,282,279,663,63,12,38
143,143,2015-16,UTTAR PRADESH,BULANDSHAHR,3498507.0,20.09,892.0,70.23,56.6,82.52,4512.0,227,15808,5631,2850,13,434,227,424,558,433,359,5,6,172
144,144,2015-16,UTTAR PRADESH,ALIGARH,3673849.0,22.78,876.0,69.61,57.48,80.24,3650.0,429,41557,7276,3584,248,250,343,195,762,482,55,75,5,133
145,145,2015-16,UTTAR PRADESH,HATHRAS,1565678.0,17.19,870.0,73.1,60.79,83.83,1840.0,97,6266,3169,1358,37,115,213,161,391,321,40,32,7,80
146,146,2015-16,UTTAR PRADESH,MATHURA,2541894.0,22.53,858.0,72.65,58.93,84.39,3340.0,145,7255,4906,1543,239,255,406,394,397,500,263,17,20,91
147,147,2015-16,UTTAR PRADESH,AGRA,4380793.0,21.0,859.0,69.44,59.16,78.32,4041.0,86,5759,5160,3558,68,399,510,319,863,836,356,71,6,90
148,148,2015-16,UTTAR PRADESH,FIROZABAD,2496761.0,21.62,867.0,74.6,64.8,83.08,2407.0,181,2882,4076,1837,85,278,321,349,596,782,693,99,51,176
149,149,2015-16,UTTAR PRADESH,ETAH,1761152.0,12.77,863.0,73.27,61.72,83.21,2431.0,267,5665,5822,2216,29,82,128,90,552,185,489,13,12,38
150,150,2015-16,UTTAR PRADESH,MAINPURI,1847194.0,15.69,876.0,78.26,68.35,86.93,2760.0,134,15777,6325,2724,42,132,283,155,461,680,169,18,2,98
151,151,2015-16,UTTAR PRADESH,BUDAUN,3712738.0,20.96,859.0,52.91,41.76,62.39,5168.0,99,11161,3458,1862,149,554,619,429,1013,1142,166,29,9,191
152,152,2015-16,UTTAR PRADESH,BAREILLY,4465344.0,23.4,883.0,60.52,50.35,69.47,4120.0,45,4560,5924,3921,74,294,391,259,613,656,106,12,6,133
153,153,2015-16,UTTAR PRADESH,PILIBHIT,2037225.0,23.83,889.0,63.58,52.43,73.46,3686.0,4,1667,1691,599,154,210,778,1258,438,146,75,35,19,3
154,154,2015-16,UTTAR PRADESH,SHAHJAHANPUR,3002376.0,17.84,865.0,61.61,51.73,70.09,4388.0,309,10970,3501,1512,197,453,765,1129,1161,1110,406,36,8,59
155,155,2015-16,UTTAR PRADESH,KHERI,4013634.0,25.14,887.0,62.71,52.62,71.58,7680.0,211,15987,4236,2222,566,967,1146,999,1570,1773,987,61,13,262
156,156,2015-16,UTTAR PRADESH,SITAPUR,4474446.0,23.62,879.0,63.38,52.8,72.61,5743.0,333,17413,4888,2143,173,690,1018,612,5487,964,264,148,55,115
157,157,2015-16,UTTAR PRADESH,HARDOI,4091380.0,20.39,856.0,68.89,59.17,77.2,5986.0,391,39505,5965,2468,79,212,474,154,467,326,52,6,2,81
158,158,2015-16,UTTAR PRADESH,UNNAO,3110595.0,15.19,901.0,68.29,58.54,77.06,4558.0,375,51426,4679,2334,31,212,407,522,494,621,1104,72,8,54
159,159,2015-16,UTTAR PRADESH,LUCKNOW,4588455.0,25.79,906.0,79.33,73.88,84.27,2528.0,231,7865,5733,3718,159,458,341,415,682,851,1110,97,40,156
160,160,2015-16,UTTAR PRADESH,RAE BARELI,3404004.0,18.51,941.0,69.04,58.06,79.39,4609.0,258,17809,2961,1182,90,251,381,238,464,539,142,13,14,78
161,161,2015-16,UTTAR PRADESH,FARRUKHABAD,1887577.0,20.2,874.0,70.57,60.51,79.34,2181.0,199,17940,3431,1435,272,313,404,550,562,548,457,157,118,163
162,162,2015-16,UTTAR PRADESH,KANNAUJ,1658005.0,19.37,879.0,74.01,64.46,82.36,2093.0,152,15487,3603,1229,131,233,272,388,380,552,305,52,28,89
163,163,2015-16,UTTAR PRADESH,ETAWAH,1579160.0,17.95,867.0,79.99,71.16,87.64,2311.0,300,6883,4383,1944,69,294,324,460,439,766,1473,40,27,98
164,164,2015-16,UTTAR PRADESH,AURAIYA,1372287.0,16.3,864.0,80.25,71.97,87.37,2016.0,31,157,3345,1139,19,213,303,508,870,468,391,6,5,203
165,165,2015-16,UTTAR PRADESH,KANPUR DEHAT,1795092.0,14.82,862.0,77.52,68.48,85.27,3021.0,167,7261,2957,975,87,171,304,337,401,583,1311,58,23,95
166,166,2015-16,UTTAR PRADESH,KANPUR NAGAR,4572951.0,9.72,852.0,81.31,76.89,85.07,3155.0,160,7814,5325,5763,136,310,345,359,360,634,1530,203,68,110
167,167,2015-16,UTTAR PRADESH,JALAUN,1670718.0,14.87,865.0,75.16,63.88,84.89,4565.0,108,8944,3527,1046,24,56,140,73,234,114,22,3,5,28
168,168,2015-16,UTTAR PRADESH,JHANSI,2000755.0,14.66,885.0,76.37,64.88,86.58,5024.0,172,19421,3598,3640,57,112,265,81,304,195,31,4,4,81
169,169,2015-16,UTTAR PRADESH,LALITPUR,1218002.0,24.57,905.0,64.95,52.26,76.41,5039.0,27,2117,1700,1355,36,149,222,75,241,168,35,6,6,29
170,170,2015-16,UTTAR PRADESH,HAMIRPUR (U,1104021.0,5.78,860.0,70.16,57.19,81.27,4021.0,27,1444,3161,936,16,76,147,60,176,147,47,0,0,28
171,171,2015-16,UTTAR PRADESH,MAHOBA,876055.0,23.66,880.0,66.94,54.65,77.72,3144.0,4,244,1108,312,60,197,361,254,540,945,1611,34,2,110
172,172,2015-16,UTTAR PRADESH,BANDA,1799541.0,17.06,863.0,68.11,54.95,79.38,4408.0,146,6627,2061,496,113,351,433,406,597,759,401,22,11,75
173,173,2015-16,UTTAR PRADESH,CHITRAKOOT,990626.0,29.29,879.0,66.52,54.03,77.42,3216.0,136,8449,1659,332,146,147,324,114,522,462,263,24,8,75
174,174,2015-16,UTTAR PRADESH,FATEHPUR,2632684.0,14.05,900.0,68.78,57.76,78.69,4152.0,375,25662,5423,2185,120,397,524,402,720,930,248,11,8,89
175,175,2015-16,UTTAR PRADESH,PRATAPGARH,3173752.0,16.2,994.0,73.1,60.99,85.29,3717.0,146,9688,5677,1369,104,506,599,756,1026,1500,1288,131,65,159
176,176,2015-16,UTTAR PRADESH,KAUSHAMBI,1596909.0,23.49,905.0,63.69,50.76,75.35,1779.0,64,3131,2096,513,209,775,691,670,1112,1117,1067,108,8,68
177,177,2015-16,UTTAR PRADESH,ALLAHABAD,5959798.0,20.74,902.0,74.41,62.67,85.0,5482.0,87,4469,9750,4245,497,1115,1575,792,1858,2321,723,128,48,258
178,178,2015-16,UTTAR PRADESH,BARABANKI,3257983.0,21.86,908.0,63.76,54.1,72.49,4402.0,280,21919,3426,1758,213,418,877,316,1445,1151,261,29,6,221
179,179,2015-16,UTTAR PRADESH,FAIZABAD,2468371.0,18.16,961.0,70.63,60.72,80.21,2341.0,119,14712,5926,3325,108,294,439,369,590,1027,611,46,24,89
180,180,2015-16,UTTAR PRADESH,AMBEDKAR NAGAR,2398709.0,18.35,976.0,74.37,64.62,83.95,2350.0,89,2450,4895,2334,115,227,396,243,585,595,176,78,42,66
181,181,2015-16,UTTAR PRADESH,Sultanpur,3790922.0,17.92,978.0,71.14,60.17,81.99,4436.0,39,4502,4057,1589,144,716,612,1003,1233,2933,562,69,49,193
182,182,2015-16,UTTAR PRADESH,BAHRAICH,3478257.0,46.08,891.0,51.1,40.76,60.23,5237.0,163,12368,2806,1201,106,175,365,340,455,629,538,29,6,42
183,183,2015-16,UTTAR PRADESH,SHRAWASTI,1114615.0,-5.25,875.0,49.13,37.07,59.55,1640.0,116,5071,1415,272,72,215,325,263,455,468,83,38,10,39
184,184,2015-16,UTTAR PRADESH,BALRAMPUR (U,2149066.0,27.74,922.0,51.76,40.92,61.66,3349.0,79,4518,1296,273,151,142,192,70,120,193,50,8,2,13
185,185,2015-16,UTTAR PRADESH,GONDA,3431386.0,24.07,922.0,61.16,49.13,72.23,4003.0,324,18673,6896,2743,118,359,628,680,1102,1691,1100,124,30,291
186,186,2015-16,UTTAR PRADESH,SIDDHARTHNAGAR,2553526.0,25.17,970.0,61.81,49.61,73.79,2895.0,60,1101,2351,415,405,464,1005,817,1834,1906,358,53,7,19
187,187,2015-16,UTTAR PRADESH,BASTI,2461056.0,18.05,959.0,69.69,58.35,80.65,2688.0,52,2090,3440,978,237,457,712,956,1005,1347,703,56,16,123
188,188,2015-16,UTTAR PRADESH,SANT KABIR NAGAR,1714300.0,20.71,969.0,69.01,56.99,80.72,1646.0,58,1850,1992,396,121,107,292,421,399,452,381,53,14,97
189,189,2015-16,UTTAR PRADESH,MAHARAJGANJ,2665292.0,22.61,938.0,64.3,50.14,77.62,2952.0,80,4587,2792,471,57,258,1025,1271,1309,976,398,47,12,54
190,190,2015-16,UTTAR PRADESH,GORAKHPUR,4436275.0,17.69,944.0,73.25,61.54,84.38,3321.0,466,37317,5705,2487,341,425,795,433,598,760,871,48,62,173
191,191,2015-16,UTTAR PRADESH,KUSHINAGAR,3560830.0,23.08,955.0,67.66,54.74,80.1,2905.0,285,22362,5822,1378,322,486,960,752,1140,1200,676,73,35,78
192,192,2015-16,UTTAR PRADESH,DEORIA,3098637.0,14.23,1013.0,73.53,61.34,86.07,2540.0,229,21054,7075,2103,405,276,639,537,1071,1116,331,122,68,225
193,193,2015-16,UTTAR PRADESH,AZAMGARH,4616509.0,17.17,1017.0,72.69,62.65,83.08,4054.0,218,14192,7012,2665,177,424,590,524,905,1468,333,45,19,146
194,194,2015-16,UTTAR PRADESH,MAU,2205170.0,18.94,978.0,75.16,65.59,84.61,1713.0,122,3924,2550,849,34,114,490,686,717,415,106,4,0,27
195,195,2015-16,UTTAR PRADESH,BALLIA,3223642.0,16.73,933.0,73.82,61.72,85.19,2981.0,281,21800,5166,1482,331,513,1150,589,442,594,600,55,26,52
196,196,2015-16,UTTAR PRADESH,JAUNPUR,4476072.0,14.43,1018.0,73.66,61.7,86.06,4038.0,609,43357,8578,2913,179,281,552,292,643,734,206,40,4,112
197,197,2015-16,UTTAR PRADESH,GHAZIPUR,3622727.0,19.26,951.0,74.27,62.29,85.77,3377.0,234,23881,9508,3054,228,920,895,702,1647,2145,189,68,11,282
198,198,2015-16,UTTAR PRADESH,CHANDAULI,1952713.0,18.83,913.0,73.86,63.07,83.58,2541.0,88,7010,2713,1111,67,223,235,156,374,665,823,26,9,42
199,199,2015-16,UTTAR PRADESH,VARANASI,3682194.0,17.32,909.0,77.05,68.2,85.12,1535.0,16,1655,6486,4223,310,545,500,190,525,621,183,48,13,106
200,200,2015-16,UTTAR PRADESH,SAMBHAL (BHIM NAGAR),,,,,,,0.0,55,5633,3284,2028,208,425,627,319,993,1021,374,7,4,88
201,201,2015-16,UTTAR PRADESH,MIRZAPUR,2494533.0,17.89,900.0,70.38,58.77,80.83,4405.0,79,6432,3730,2076,98,377,414,394,633,791,858,48,14,140
202,202,2015-16,UTTAR PRADESH,SONBHADRA,1862612.0,27.27,913.0,66.18,54.11,77.19,6905.0,22,805,2496,1250,37,145,248,95,312,196,29,1,2,62
203,203,2015-16,UTTAR PRADESH,BHADOI,1554203.0,14.81,950.0,71.1,57.79,83.87,1015.0,85,7499,2678,1191,32,221,163,108,262,199,78,4,3,29
204,204,2015-16,UTTAR PRADESH,KANSHIRAM NAGAR,1438156.0,17.05,879.0,62.3,50.2,72.91,1955.0,69,6757,3343,1145,18,123,216,73,428,281,123,11,1,100
205,205,2015-16,UTTAR PRADESH,AMETHI - CSM NAGAR,,,,,,,0.0,49,3545,2335,941,46,153,293,251,402,533,233,43,37,185
206,206,2015-16,UTTAR PRADESH,SHAMLI (PRABUDH NAGAR),,,,,,,0.0,11,530,2215,1117,177,84,142,119,150,134,92,56,35,33
207,207,2015-16,UTTAR PRADESH,HAPUR (PANCHSHEEL NAGAR),,,,,,,0.0,14,3275,1412,950,0,134,567,310,86,773,696,28,1,6
208,208,2015-16,BIHAR,PASHCHIM CHAMPARAN,3922780.0,28.89,906.0,58.06,46.79,68.16,5228.0,285,34452,198,154,264,640,661,927,1770,1325,177,134,292,348
209,209,2015-16,BIHAR,PURBA CHAMPARAN,5082868.0,29.01,901.0,58.26,47.36,68.02,3968.0,169,9151,251,75,354,906,683,1013,1961,983,108,85,52,261
210,210,2015-16,BIHAR,SHEOHAR,656916.0,27.32,890.0,56.0,47.25,63.72,349.0,40,3507,0,0,95,209,237,388,524,295,40,20,11,84
211,211,2015-16,BIHAR,SITAMARHI,3419622.0,27.47,899.0,53.53,43.4,62.56,2294.0,154,11674,58,36,171,550,378,700,1596,743,160,18,22,205
212,212,2015-16,BIHAR,MADHUBANI,4476044.0,25.19,925.0,60.9,48.3,72.53,3501.0,134,12317,301,174,212,620,429,910,1874,1143,209,69,9,192
213,213,2015-16,BIHAR,SUPAUL,2228397.0,28.62,925.0,59.65,46.63,71.65,2425.0,133,11124,21,9,250,772,854,1072,1841,1255,305,149,60,282
214,214,2015-16,BIHAR,ARARIA,2806200.0,30.0,921.0,55.1,45.18,64.15,2830.0,227,26055,48,16,244,595,406,707,1546,727,120,33,28,259
215,215,2015-16,BIHAR,KISHANGANJ,1690948.0,30.44,946.0,57.04,47.98,65.56,1884.0,65,6853,104,40,152,280,209,410,816,459,34,22,11,208
216,216,2015-16,BIHAR,PURNIA,3273127.0,28.66,930.0,52.49,43.19,61.09,3229.0,193,18910,409,204,305,680,905,1000,1945,1455,532,201,75,577
217,217,2015-16,BIHAR,KATIHAR,3068149.0,28.23,916.0,53.56,45.37,60.99,3057.0,157,12471,13,6,257,655,512,787,1865,1165,321,60,22,302
218,218,2015-16,BIHAR,MADHEPURA,1994618.0,30.65,914.0,53.78,42.75,63.82,1788.0,130,10560,52,15,215,879,971,1135,2143,959,95,161,42,365
219,219,2015-16,BIHAR,SAHARSA,1897102.0,25.79,906.0,54.57,42.73,65.22,1687.0,167,14004,279,112,278,441,356,620,1123,1277,2115,54,56,158
220,220,2015-16,BIHAR,DARBHANGA,3921971.0,19.0,910.0,58.26,46.88,68.58,2279.0,215,19604,723,381,153,514,527,814,1838,1178,321,52,28,154
221,221,2015-16,BIHAR,MUZAFFARPUR,4778610.0,27.54,898.0,65.68,56.82,73.61,3172.0,75,9259,666,412,126,897,1060,787,2320,1833,253,219,14,430
222,222,2015-16,BIHAR,GOPALGANJ,2558037.0,18.83,1015.0,67.04,56.03,78.38,2033.0,199,26740,138,46,205,534,584,624,1404,1018,130,161,38,116
223,223,2015-16,BIHAR,SIWAN,3318176.0,22.25,984.0,71.59,60.35,82.77,2219.0,506,35644,69,31,265,1016,895,908,1881,1918,202,174,32,341
224,224,2015-16,BIHAR,SARAN,3943098.0,21.37,949.0,68.57,56.89,79.71,2641.0,224,27286,31,36,281,672,554,766,1672,1614,927,54,141,198
225,225,2015-16,BIHAR,VAISHALI,3495249.0,28.58,892.0,68.56,59.1,77.0,2036.0,106,10549,357,128,182,570,316,706,1241,978,185,36,17,244
226,226,2015-16,BIHAR,SAMASTIPUR,4254782.0,25.33,909.0,63.81,53.52,73.09,2904.0,171,21373,217,116,328,1121,632,1112,2630,1415,331,50,59,308
227,227,2015-16,BIHAR,BEGUSARAI,2954367.0,25.75,894.0,66.23,57.1,74.36,1918.0,217,2618,274,151,167,592,1133,746,1508,815,311,21,13,112
228,228,2015-16,BIHAR,KHAGARIA,1657599.0,29.46,883.0,60.87,52.16,68.51,1486.0,51,3481,52,22,149,517,252,554,1353,686,67,35,3,130
229,229,2015-16,BIHAR,BHAGALPUR,3032226.0,25.13,879.0,64.96,56.49,72.3,2569.0,180,13286,250,124,252,606,474,613,1452,916,122,73,10,153
230,230,2015-16,BIHAR,BANKA,2029339.0,26.14,907.0,60.12,49.4,69.76,3020.0,143,4019,349,157,306,673,878,567,1493,1116,72,179,22,267
231,231,2015-16,BIHAR,MUNGER,1359054.0,19.45,879.0,73.3,65.53,80.06,1419.0,171,5673,341,263,91,282,227,480,857,965,485,52,47,96
232,232,2015-16,BIHAR,LAKHISARAI,1000717.0,24.74,900.0,64.95,54.89,73.98,1228.0,109,7918,131,70,73,147,188,205,431,246,17,7,25,40
233,233,2015-16,BIHAR,SHEIKHPURA,634927.0,20.82,926.0,65.96,54.93,76.14,689.0,32,3551,15,12,51,363,274,320,794,493,34,47,12,183
234,234,2015-16,BIHAR,NALANDA,2872523.0,21.18,921.0,66.41,54.76,77.11,2355.0,368,33867,1119,671,231,486,286,748,1460,1060,100,26,25,203
235,235,2015-16,BIHAR,PATNA,5772804.0,22.34,892.0,72.47,63.72,80.28,3202.0,473,50808,343,315,242,645,579,1091,1713,1437,673,134,65,279
236,236,2015-16,BIHAR,BHOJPUR,2720155.0,21.27,900.0,72.79,60.2,84.08,2395.0,174,21138,313,235,205,630,521,520,1205,1117,138,73,25,151
237,237,2015-16,BIHAR,BUXAR,1707643.0,21.77,922.0,71.77,59.84,82.78,1703.0,96,7246,66,24,130,435,324,296,854,731,67,44,10,140
238,238,2015-16,BIHAR,KAIMUR (BHABUA),1626900.0,27.54,919.0,71.01,59.56,81.49,3332.0,84,4736,38,23,102,569,461,391,1278,1136,345,98,31,219
239,239,2015-16,BIHAR,ROHTAS,2962593.0,20.22,914.0,75.59,64.95,85.29,3881.0,405,39635,91,69,180,849,584,692,1748,1450,239,68,13,287
240,240,2015-16,BIHAR,JEHANABAD,1124176.0,21.34,918.0,68.27,56.24,79.3,931.0,77,7685,127,60,82,192,197,959,1460,1468,1116,44,14,142
241,241,2015-16,BIHAR,AURANGABAD (BIHAR),2511243.0,24.75,916.0,72.77,62.05,82.52,3305.0,228,24455,88,46,186,698,699,928,1543,1267,810,147,108,279
242,242,2015-16,BIHAR,GAYA,4379383.0,26.08,932.0,66.35,55.9,76.02,4976.0,147,12867,94,41,267,627,674,958,2114,1807,788,138,65,343
243,243,2015-16,BIHAR,NAWADA,2216653.0,22.49,936.0,61.63,51.09,71.4,2494.0,182,15966,71,28,109,511,400,613,1448,868,434,109,27,252
244,244,2015-16,BIHAR,JAMUI,1756078.0,25.54,921.0,62.16,49.44,73.77,3098.0,117,12968,34,11,89,366,284,606,791,650,114,24,7,123
245,245,2015-16,BIHAR,ARWAL,699563.0,19.01,927.0,69.54,56.85,81.27,638.0,58,5141,8,4,54,216,212,174,475,373,153,23,6,71
246,246,2015-16,SIKKIM,NORTH SIKKIM,43354.0,5.66,769.0,77.39,69.92,83.03,4226.0,94,1033,50,138,0,39,5,13,14,10,0,1,0,13
247,247,2015-16,SIKKIM,WEST SIKKIM,136299.0,10.58,941.0,78.69,72.12,84.86,1166.0,308,4510,400,664,0,63,22,63,36,43,0,7,2,50
248,248,2015-16,SIKKIM,SOUTH SIKKIM,146742.0,11.57,914.0,82.06,76.57,87.06,750.0,311,4197,290,615,22,48,17,41,29,57,0,9,2,21
249,249,2015-16,SIKKIM,EAST SIKKIM,281293.0,14.79,872.0,84.67,79.41,89.22,954.0,315,7714,547,1462,2,66,22,68,56,45,3,6,2,14
250,250,2015-16,ARUNACHAL PRADESH,TAWANG,49950.0,28.33,701.0,60.61,48.75,68.54,2172.0,121,1738,89,89,0,123,45,16,26,18,18,0,4,6
251,251,2015-16,ARUNACHAL PRADESH,WEST KAMENG,87013.0,16.64,755.0,69.4,60.8,75.66,7422.0,61,3028,172,288,0,93,55,21,29,7,1,0,1,8
252,252,2015-16,ARUNACHAL PRADESH,EAST KAMENG,78413.0,37.14,1012.0,62.48,54.18,70.95,4134.0,50,1514,120,152,0,112,197,72,68,1,2,0,0,63
253,253,2015-16,ARUNACHAL PRADESH,PAPUM PARE,176385.0,44.57,950.0,82.14,76.65,87.33,3462.0,79,3867,526,746,19,200,241,75,25,0,143,0,0,0
254,254,2015-16,ARUNACHAL PRADESH,LOWER SUBANSIRI,82839.0,48.65,975.0,76.33,70.1,82.4,3508.0,65,2308,264,223,15,107,54,22,11,7,167,5,18,20
255,255,2015-16,ARUNACHAL PRADESH,UPPER SUBANSIRI,83205.0,50.34,982.0,63.96,60.51,67.36,7032.0,62,1817,162,175,23,94,70,49,21,4,68,0,3,57
256,256,2015-16,ARUNACHAL PRADESH,WEST SIANG,112272.0,8.04,916.0,67.62,60.76,73.89,8325.0,52,2816,285,315,0,54,34,22,20,15,0,3,1,8
257,257,2015-16,ARUNACHAL PRADESH,EAST SIANG,99019.0,13.3,962.0,73.54,67.9,78.94,3603.0,68,2084,156,196,1,64,148,48,36,37,53,2,0,31
258,258,2015-16,ARUNACHAL PRADESH,UPPER SIANG,35289.0,5.77,891.0,59.94,55.22,64.09,6590.0,34,1290,93,86,0,27,32,29,15,8,7,5,0,0
259,259,2015-16,ARUNACHAL PRADESH,DIBANG VALLEY,7948.0,9.3,808.0,64.8,59.1,69.39,9129.0,7,124,2,13,0,17,21,2,3,1,4,5,0,1
260,260,2015-16,ARUNACHAL PRADESH,LOHIT,145538.0,16.44,901.0,69.88,61.62,77.25,5212.0,44,1530,51,155,0,33,9,10,11,2,16,1,0,7
261,261,2015-16,ARUNACHAL PRADESH,CHANGLANG,147951.0,17.96,914.0,61.9,52.08,70.8,4662.0,87,2693,194,194,0,93,65,24,53,25,12,5,0,29
262,262,2015-16,ARUNACHAL PRADESH,TIRAP,111997.0,11.63,931.0,52.23,41.83,61.87,2362.0,43,1142,123,139,0,66,78,20,26,32,22,4,1,34
263,263,2015-16,ARUNACHAL PRADESH,KURUNG KUMEY,89717.0,111.01,1029.0,50.67,44.31,57.28,6040.0,32,727,57,39,0,40,85,18,13,2,23,0,0,0
264,264,2015-16,ARUNACHAL PRADESH,LOWER DIBANG VALLEY,53986.0,7.01,919.0,70.38,63.56,76.62,3900.0,24,1673,110,136,0,24,11,4,18,3,0,2,0,2
265,265,2015-16,ARUNACHAL PRADESH,Anjaw,21089.0,13.77,805.0,59.4,46.39,69.54,6190.0,31,544,16,1,0,56,48,15,7,2,3,0,0,5
266,266,2015-16,ARUNACHAL PRADESH,LONGDING,,,,,,,,22,1264,63,76,15,94,85,17,47,17,11,2,0,8
267,267,2015-16,ARUNACHAL PRADESH,NAMSAI,,,,,,,,55,2150,135,183,1,13,8,13,14,18,0,0,0,6
268,268,2015-16,ARUNACHAL PRADESH,KRA DADI,,,,,,,,20,369,47,33,0,32,80,20,18,2,42,2,0,0
269,269,2015-16,ARUNACHAL PRADESH,SIANG,,,,,,,,43,947,82,65,0,30,44,9,10,12,49,0,0,2
270,270,2015-16,NAGALAND,MON,250671.0,-3.83,898.0,56.6,52.39,60.38,1786.0,260,12910,435,516,0,63,55,15,44,11,116,2,1,1
271,271,2015-16,NAGALAND,TUENSANG,196801.0,5.81,930.0,73.7,70.4,76.76,2536.0,222,10038,303,348,0,97,24,9,12,3,24,0,1,1
272,272,2015-16,NAGALAND,MOKOKCHUNG,193171.0,-16.77,927.0,92.68,91.74,93.55,1615.0,245,5066,349,553,0,259,48,49,22,6,208,0,1,7
273,273,2015-16,NAGALAND,ZUNHEBOTO,141014.0,-8.79,981.0,86.26,83.61,88.86,1255.0,270,3885,353,345,0,136,29,23,21,25,110,3,6,42
274,274,2015-16,NAGALAND,WOKHA,166239.0,3.11,969.0,87.6,84.58,90.53,1628.0,184,4365,267,340,0,258,188,85,47,26,122,27,9,44
275,275,2015-16,NAGALAND,DIMAPUR,379769.0,23.23,916.0,85.44,82.54,88.07,927.0,456,28521,1301,2257,21,127,98,51,56,38,74,7,6,17
276,276,2015-16,NAGALAND,KOHIMA,270063.0,22.66,927.0,85.58,81.56,89.28,1463.0,261,9639,702,1487,1,132,48,42,77,21,212,15,5,16
277,277,2015-16,NAGALAND,PHEK,163294.0,10.19,951.0,79.13,73.5,84.53,2026.0,200,6780,312,241,0,91,31,21,16,9,190,0,3,5
278,278,2015-16,NAGALAND,LONGLENG,74033.0,-30.54,961.0,71.1,65.44,75.6,562.0,87,2869,160,118,0,117,80,22,17,0,143,0,1,17
279,279,2015-16,NAGALAND,KIPHIRE,50593.0,-58.39,903.0,73.1,70.35,76.54,1130.0,112,5233,136,132,0,6,2,1,6,0,59,0,0,0
280,280,2015-16,NAGALAND,PEREN,94954.0,4.61,917.0,79.0,73.57,83.96,1651.0,149,5710,199,254,0,46,26,16,9,6,61,0,2,2
281,281,2015-16,MANIPUR,SENAPATI,354972.0,25.16,939.0,75.0,68.8,80.85,3271.0,218,7592,1170,825,31,107,180,56,99,206,0,223,6,138
282,282,2015-16,MANIPUR,TAMENGLONG,140143.0,25.69,953.0,70.4,63.76,76.74,4391.0,110,3539,343,240,32,93,124,84,101,114,0,23,7,52
283,283,2015-16,MANIPUR,CHURACHANDPUR,271274.0,19.03,969.0,84.29,80.13,88.34,4570.0,129,7690,984,921,27,225,191,113,139,187,0,22,3,35
284,284,2015-16,MANIPUR,BISHNUPUR,240363.0,15.36,1000.0,76.35,67.29,85.52,496.0,114,6893,969,764,5,98,79,82,132,163,0,47,6,51
285,285,2015-16,MANIPUR,THOUBAL,420517.0,15.48,1006.0,76.66,67.57,85.9,514.0,225,12120,1573,886,33,201,181,120,149,485,0,175,2,96
286,286,2015-16,MANIPUR,IMPHAL WEST,514683.0,15.82,1029.0,86.7,80.71,92.93,519.0,151,12588,1354,2021,61,54,168,41,145,549,0,34,3,104
287,287,2015-16,MANIPUR,IMPHAL EAST,452661.0,14.63,1011.0,82.81,75.92,89.86,709.0,238,10803,1538,2171,4,208,111,172,145,283,0,43,5,50
288,288,2015-16,MANIPUR,UKHRUL,183115.0,30.07,948.0,81.87,77.47,86.05,4544.0,72,3341,659,538,46,195,108,54,225,117,0,34,2,49
289,289,2015-16,MANIPUR,CHANDEL,144028.0,21.72,932.0,70.85,63.26,77.93,3313.0,40,1209,515,364,54,68,88,33,154,104,0,66,1,49
290,290,2015-16,MIZORAM,MAMIT,85757.0,36.59,924.0,85.96,81.37,90.15,3025.0,34,1363,236,267,0,276,85,30,52,161,2,9,0,72
291,291,2015-16,MIZORAM,KOLASIB,83054.0,25.92,956.0,94.54,93.53,95.5,1382.0,44,2228,233,333,12,124,66,38,41,150,2,13,0,87
292,292,2015-16,MIZORAM,AIZAWL,404054.0,24.07,1009.0,98.5,98.0,99.01,3576.0,288,14714,867,1597,31,682,177,136,80,569,32,33,1,191
293,293,2015-16,MIZORAM,CHAMPHAI,125370.0,15.66,981.0,93.51,92.2,94.8,3185.0,113,4952,400,443,0,474,125,65,52,170,0,8,0,51
294,294,2015-16,MIZORAM,SERCHHIP,64875.0,20.45,976.0,98.76,98.28,99.24,1421.0,47,2193,235,252,0,286,38,14,25,94,0,1,0,10
295,295,2015-16,MIZORAM,LUNGLEI,154094.0,12.29,944.0,89.4,85.85,92.74,4536.0,102,3932,546,526,39,322,232,71,110,354,14,21,10,74
296,296,2015-16,MIZORAM,LAWNGTLAI,117444.0,59.53,945.0,66.41,57.62,74.68,2557.0,160,5107,340,226,5,239,116,80,69,110,1,5,0,39
297,297,2015-16,MIZORAM,SAIHA,56366.0,-7.68,978.0,88.41,85.8,91.0,1399.0,129,4045,113,136,0,196,121,47,46,96,0,7,0,41
298,298,2015-16,TRIPURA,WEST TRIPURA,1724619.0,12.5,964.0,88.91,84.76,92.91,2993.0,73,9546,1080,1171,88,61,78,98,206,114,20,9,6,52
299,299,2015-16,TRIPURA,SOUTH TRIPURA,875144.0,14.03,957.0,85.41,79.64,90.94,3057.0,21,1560,233,128,8,26,19,70,105,26,0,3,3,28
300,300,2015-16,TRIPURA,DHALAI,377988.0,22.78,945.0,86.82,80.83,92.45,2400.0,38,2186,245,183,13,80,37,97,141,74,8,3,1,65
301,301,2015-16,TRIPURA,NORTH TRIPURA,693281.0,17.32,967.0,88.29,84.69,91.77,2036.0,47,3137,292,316,20,79,54,88,191,78,6,19,2,52
302,302,2015-16,TRIPURA,SEPAHIJALA,,,,,,,0.0,41,3688,431,212,11,33,24,89,100,40,9,4,1,59
303,303,2015-16,TRIPURA,KHOWAI,,,,,,,0.0,16,1175,225,115,8,28,7,64,72,21,7,4,5,40
304,304,2015-16,TRIPURA,GOMATI,,,,,,,0.0,48,2668,383,291,10,29,23,53,87,51,0,1,1,36
305,305,2015-16,TRIPURA,UNAKOTI,,,,,,,0.0,30,2323,204,187,15,55,67,52,151,69,3,11,10,77
306,306,2015-16,MEGHALAYA,WEST GARO HILLS,642923.0,24.02,979.0,68.38,63.34,73.31,3677.0,1178,30066,1835,1585,30,77,126,90,103,110,193,36,11,32
307,307,2015-16,MEGHALAYA,EAST GARO HILLS,317618.0,26.75,968.0,75.51,71.32,79.56,2603.0,504,13385,416,340,20,75,161,30,279,84,42,6,0,20
308,308,2015-16,MEGHALAYA,SOUTH GARO HILLS,142574.0,41.19,944.0,72.39,67.72,76.77,1887.0,550,10991,445,338,35,59,109,74,179,93,9,51,2,44
309,309,2015-16,MEGHALAYA,WEST KHASI HILLS,385601.0,30.25,981.0,79.3,78.3,80.29,5247.0,1110,27248,1192,1337,10,109,110,88,138,110,45,15,4,33
310,310,2015-16,MEGHALAYA,RI BHOI,258380.0,34.02,951.0,77.22,75.85,78.52,2448.0,607,19320,649,1077,50,324,215,76,126,96,90,12,1,56
311,311,2015-16,MEGHALAYA,EAST KHASI HILLS,824059.0,24.68,1008.0,84.7,84.15,85.26,2748.0,1568,57739,1620,4815,39,259,213,94,146,227,150,32,22,57
312,312,2015-16,MEGHALAYA,JAINTIA HILLS,392852.0,31.34,1008.0,63.26,66.71,59.75,3819.0,798,27667,385,1070,34,99,93,66,96,82,23,15,0,22
313,313,2015-16,MEGHALAYA,NORTH GARO HILLS,,,,,,,,454,10360,516,353,3,12,38,27,74,30,29,6,0,18
314,314,2015-16,MEGHALAYA,EAST JAINTIA HILLS,,,,,,,,483,15262,201,368,16,41,25,25,32,8,30,1,1,6
315,315,2015-16,MEGHALAYA,SOUTH WEST KHASI HILLS,,,,,,,,469,8035,652,577,1,53,51,40,59,37,8,2,3,13
316,316,2015-16,MEGHALAYA,SOUTH WEST GARO HILLS,,,,,,,,243,4791,570,380,12,26,14,59,56,46,41,17,0,11
317,317,2015-16,ASSAM,KOKRAJHAR,886999.0,5.19,958.0,66.63,59.54,73.44,3296.0,2095,29173,1259,882,27,319,376,387,382,309,98,69,11,103
318,318,2015-16,ASSAM,DHUBRI,1948632.0,24.4,952.0,59.36,54.26,64.2,2176.0,2021,45239,4291,1690,29,1189,1198,772,1258,816,305,197,8,333
319,319,2015-16,ASSAM,GOALPARA,1008959.0,22.74,962.0,68.67,64.53,72.67,1824.0,1369,11737,1777,930,45,490,512,492,424,538,349,72,6,136
320,320,2015-16,ASSAM,BONGAIGAON,732639.0,19.58,961.0,70.44,65.18,75.48,1093.0,951,17537,1095,646,20,771,367,380,333,245,268,53,7,118
321,321,2015-16,ASSAM,BARPETA,1693190.0,21.4,951.0,65.03,59.04,70.72,2282.0,2161,43513,3529,1956,33,1027,715,825,674,594,435,189,14,210
322,322,2015-16,ASSAM,KAMRUP-RURAL,1517202.0,15.67,946.0,72.81,67.69,77.64,3105.0,2074,32921,2349,1275,23,537,371,438,384,386,170,167,8,123
323,323,2015-16,ASSAM,NALBARI,769919.0,11.74,945.0,79.89,73.85,85.58,1052.0,828,9982,941,562,38,544,375,379,325,284,235,206,27,105
324,324,2015-16,ASSAM,DARRANG,908090.0,19.51,923.0,64.55,60.4,68.36,1585.0,931,17019,1182,741,31,443,511,561,277,236,207,50,27,106
325,325,2015-16,ASSAM,MORIGAON,957853.0,23.39,974.0,69.37,64.99,73.66,1551.0,889,15768,1259,849,39,681,678,359,354,281,213,149,16,72
326,326,2015-16,ASSAM,NAGAON,2826006.0,22.09,962.0,73.78,69.21,78.19,3973.0,2607,52569,2595,1697,107,1179,1066,904,1251,680,229,402,19,170
327,327,2015-16,ASSAM,SONITPUR,1925975.0,15.67,946.0,69.96,62.53,76.98,5204.0,2188,31019,1382,788,52,736,647,649,543,482,337,188,13,150
328,328,2015-16,ASSAM,LAKHIMPUR,1040644.0,17.06,965.0,78.39,71.91,84.66,2277.0,1369,17428,2419,1356,55,471,499,535,625,533,311,240,30,128
329,329,2015-16,ASSAM,DHEMAJI,688077.0,20.3,949.0,69.07,62.13,75.66,3237.0,1308,17987,1945,839,21,274,334,392,340,225,172,128,8,42
330,330,2015-16,ASSAM,TINSUKIA,1316948.0,14.51,948.0,70.92,63.54,77.89,3790.0,1239,23775,1309,1880,27,381,285,289,357,204,257,95,11,107
331,331,2015-16,ASSAM,DIBRUGARH,1327748.0,12.04,952.0,76.22,69.52,82.59,3381.0,899,14664,1123,1737,55,349,240,218,270,285,184,149,5,63
332,332,2015-16,ASSAM,SIBSAGAR,1150253.0,9.37,951.0,81.36,75.69,86.75,2668.0,2114,29770,1043,1620,26,477,257,406,395,299,307,175,11,79
333,333,2015-16,ASSAM,JORHAT,1091295.0,9.21,956.0,83.42,78.22,88.38,2851.0,2019,20610,1168,1274,84,387,339,259,425,469,124,316,15,105
334,334,2015-16,ASSAM,GOLAGHAT,1058674.0,11.88,961.0,78.31,72.18,84.2,3502.0,1304,20089,1268,1345,39,350,274,240,354,283,128,133,5,106
335,335,2015-16,ASSAM,KARBI ANGLONG,965280.0,18.69,956.0,73.52,64.62,82.12,10434.0,1522,36753,1756,1714,3,308,372,451,403,143,88,70,1,194
336,336,2015-16,ASSAM,DIMA HASAO,213529.0,13.53,931.0,78.99,72.15,85.34,4888.0,751,10268,286,381,9,439,714,283,192,106,351,67,33,127
337,337,2015-16,ASSAM,CACHAR,1736319.0,20.17,958.0,80.36,74.62,85.85,3786.0,1501,26317,1613,1839,39,900,633,688,859,456,298,172,26,281
338,338,2015-16,ASSAM,KARIMGANJ,1217002.0,20.74,961.0,79.72,73.49,85.7,1809.0,1540,23499,1485,736,56,504,600,515,486,354,223,112,14,151
339,339,2015-16,ASSAM,HAILAKANDI,659260.0,21.44,946.0,75.26,68.54,81.61,1327.0,1779,16212,1900,775,56,250,290,212,374,122,56,63,14,134
340,340,2015-16,ASSAM,BAKSA,953773.0,11.17,967.0,70.53,62.23,78.55,2457.0,1492,18594,904,408,14,383,311,416,344,247,309,138,13,144
341,341,2015-16,ASSAM,CHIRANG,481818.0,11.26,969.0,64.71,57.87,71.35,1923.0,945,16607,654,498,14,250,269,249,158,158,95,24,2,73
342,342,2015-16,ASSAM,UDALGURI,832769.0,9.76,966.0,66.6,59.17,73.79,2012.0,1165,18988,601,380,20,604,340,357,281,263,131,50,33,269
343,343,2015-16,ASSAM,KAMRUP-METRO,1260419.0,18.95,922.0,88.66,85.82,91.26,955.0,680,18805,1177,2764,101,206,335,73,116,163,19,25,6,30
344,344,2015-16,WEST BENGAL,DARJILING,1842034.0,14.47,971.0,79.92,73.74,85.94,3149.0,1004,9643,699,1127,47,275,92,135,70,36,182,12,11,33
345,345,2015-16,WEST BENGAL,JALPAIGURI,3869675.0,13.77,954.0,73.79,66.65,80.61,6227.0,2189,49540,1157,1986,206,477,344,558,625,465,186,138,28,216
346,346,2015-16,WEST BENGAL,KOCH BIHAR,2822780.0,13.86,942.0,75.49,69.08,81.52,3387.0,2822,52873,45,77,212,364,536,725,653,654,192,143,67,616
347,347,2015-16,WEST BENGAL,UTTAR DINAJPUR,3000849.0,22.9,936.0,60.13,53.15,66.65,3140.0,2287,54650,1489,932,109,547,524,534,926,707,120,403,71,490
348,348,2015-16,WEST BENGAL,DAKSHIN DINAJPUR,1670931.0,11.16,954.0,73.86,67.81,79.63,2219.0,1873,27943,811,357,34,156,322,97,412,492,34,248,4,182
349,349,2015-16,WEST BENGAL,MALDAH,3997970.0,21.5,939.0,62.71,57.84,67.27,3733.0,3459,111915,4964,3648,267,1599,946,1217,1815,1629,631,329,139,1109
350,350,2015-16,WEST BENGAL,MURSHIDABAD,7102430.0,21.07,957.0,67.53,63.88,71.02,5324.0,5420,170207,3152,2443,609,1788,1685,1361,3791,3753,430,723,259,1174
351,351,2015-16,WEST BENGAL,BIRBHUM,3502387.0,16.15,956.0,70.9,64.07,77.42,4545.0,3302,67723,526,604,230,819,812,836,1198,1188,315,336,104,796
352,352,2015-16,WEST BENGAL,BARDDHAMAN,7723663.0,12.01,943.0,77.15,70.47,83.44,7024.0,5540,118058,1913,2816,298,1927,2310,1533,5607,4280,304,1388,96,931
353,353,2015-16,WEST BENGAL,NADIA,5168488.0,12.24,947.0,75.58,71.35,79.58,3927.0,3618,93804,1645,2990,303,829,756,805,1479,1667,699,393,127,815
354,354,2015-16,WEST BENGAL,NORTH TWENTY FOUR PARGANAS,10082852.0,12.86,949.0,84.95,81.05,88.66,4094.0,4981,113300,2196,2829,268,1147,1360,1104,1938,3378,408,793,110,1070
355,355,2015-16,WEST BENGAL,HUGLI,5520389.0,9.49,958.0,82.55,76.95,87.93,3149.0,3516,69389,744,1096,241,474,823,457,1030,2801,309,536,97,524
356,356,2015-16,WEST BENGAL,BANKURA,3596292.0,12.64,954.0,70.95,60.44,81.0,6882.0,4234,67380,1019,1215,244,1028,1130,670,1354,2264,399,652,48,520
357,357,2015-16,WEST BENGAL,PURULIYA,2927965.0,15.43,955.0,65.38,51.29,78.85,6259.0,3646,55825,979,359,333,1231,859,876,1113,980,346,157,54,696
358,358,2015-16,WEST BENGAL,HAORA,4841638.0,13.31,935.0,83.85,79.73,87.69,1467.0,2871,84679,1246,3826,164,452,493,476,798,1482,292,586,83,462
359,359,2015-16,WEST BENGAL,KOLKATA,4486679.0,-1.88,899.0,87.14,84.98,89.08,185.0,1652,53685,1742,8527,192,435,884,437,350,1945,1181,369,309,328
360,360,2015-16,WEST BENGAL,SOUTH  TWENTY FOUR PARGANAS,8153176.0,18.05,949.0,78.57,72.09,84.72,9960.0,5914,151098,2709,5802,331,1747,1681,1690,2584,2958,818,741,186,1191
361,361,2015-16,WEST BENGAL,PURBA MEDINIPUR,5094238.0,15.32,936.0,87.66,81.81,93.14,4713.0,5388,105121,2736,3511,575,1723,932,2054,1605,1556,750,344,235,1188
362,362,2015-16,WEST BENGAL,PASCHIM MEDINIPUR,5943300.0,14.44,960.0,79.04,71.11,86.66,9368.0,7820,118450,2193,2898,289,1635,1653,1676,2010,2123,774,909,62,796
363,363,2015-16,WEST BENGAL,SILIGURI,509709.0,8.0,951.0,85.46,81.94,,0.0,872,30750,1238,2423,67,219,224,179,262,461,73,233,14,133
364,364,2015-16,WEST BENGAL,ALIPURDUAR,,,,,,,,1638,35934,1094,1500,78,462,240,338,401,262,204,52,17,234
365,365,2015-16,JHARKHAND,GARHWA,1322387.0,27.71,933.0,62.18,49.43,74.0,4093.0,63,5061,235,71,232,566,518,563,562,675,615,138,40,249
366,366,2015-16,JHARKHAND,PALAMU,1936319.0,25.94,929.0,65.5,53.87,76.27,4393.0,165,13023,436,164,70,1182,90,265,330,290,64,10,15,79
367,367,2015-16,JHARKHAND,CHATRA,1042304.0,28.98,951.0,62.14,51.91,71.85,3718.0,120,7266,121,44,108,323,299,396,728,622,344,193,50,273
368,368,2015-16,JHARKHAND,HAZARIBAG,1734005.0,25.75,946.0,70.48,59.25,81.15,3555.0,116,8376,625,401,69,374,263,464,595,651,221,69,18,219
369,369,2015-16,JHARKHAND,KODARMA,717169.0,32.59,949.0,68.35,54.77,81.25,2540.0,116,8290,187,80,29,285,143,263,405,347,51,55,19,159
370,370,2015-16,JHARKHAND,GIRIDIH,2445203.0,28.33,943.0,65.12,50.33,79.08,4962.0,192,15387,638,221,137,1571,561,802,826,750,205,227,24,256
371,371,2015-16,JHARKHAND,DEOGHAR,1491879.0,28.02,921.0,66.34,52.39,79.13,2477.0,148,10952,372,177,144,781,345,616,748,517,311,53,13,456
372,372,2015-16,JHARKHAND,GODDA,1311382.0,25.14,933.0,57.68,44.9,69.56,2266.0,54,3759,356,50,245,524,319,418,840,461,241,86,35,326
373,373,2015-16,JHARKHAND,SAHIBGANJ,1150038.0,23.96,948.0,53.73,44.31,62.65,2063.0,89,8326,387,84,47,714,286,355,461,345,134,22,25,84
374,374,2015-16,JHARKHAND,PAKAUR,899200.0,28.15,985.0,50.17,41.23,59.02,1811.0,79,6249,210,70,98,255,169,230,391,210,78,65,66,166
375,375,2015-16,JHARKHAND,DUMKA,1321096.0,19.39,974.0,62.54,49.6,75.17,3761.0,204,11790,323,227,223,502,318,415,986,362,208,149,38,246
376,376,2015-16,JHARKHAND,DHANBAD,2682662.0,11.91,908.0,75.71,64.7,85.68,2040.0,333,23412,1176,877,72,438,179,468,614,378,105,34,43,218
377,377,2015-16,JHARKHAND,BOKARO,2061918.0,15.99,916.0,73.48,61.46,84.5,2883.0,438,31059,1452,1206,102,516,204,585,536,538,367,78,29,278
378,378,2015-16,JHARKHAND,RANCHI,2912022.0,23.9,950.0,77.13,68.2,85.63,5097.0,645,55788,2178,3054,201,1466,802,1092,1612,834,1983,267,31,775
379,379,2015-16,JHARKHAND,LOHARDAGA,461738.0,26.67,985.0,68.29,57.86,78.62,1502.0,77,5448,104,218,27,345,144,89,328,290,3,22,1,265
380,380,2015-16,JHARKHAND,GUMLA,1025656.0,23.21,993.0,66.92,56.97,76.87,5360.0,164,10643,470,535,19,159,50,184,268,149,47,9,9,77
381,381,2015-16,JHARKHAND,PASHCHIMI SINGHBHUM,1501619.0,21.69,1004.0,59.54,47.01,72.18,7224.0,118,10976,410,463,91,1054,284,361,1370,274,399,50,10,234
382,382,2015-16,JHARKHAND,PURBI SINGHBHUM,2291032.0,15.53,949.0,76.13,67.33,84.51,3562.0,336,41185,1247,3328,71,1360,393,481,565,724,152,56,28,305
383,383,2015-16,JHARKHAND,JAMTARA,790207.0,21.0,959.0,63.73,50.08,76.85,1811.0,31,1859,209,72,46,283,53,250,306,167,50,4,4,128
384,384,2015-16,JHARKHAND,SARAIKELA-KHARSAWAN,1063458.0,25.28,958.0,68.85,56.19,81.01,2657.0,46,2620,334,329,47,1007,166,314,385,220,46,19,9,207
385,385,2015-16,JHARKHAND,SIMDEGA,599813.0,16.62,1000.0,67.59,59.38,75.84,3774.0,74,4655,543,531,30,232,127,164,194,130,49,2,6,109
386,386,2015-16,JHARKHAND,LATEHAR,725673.0,29.38,964.0,61.23,50.26,71.8,4291.0,92,5980,92,104,31,222,45,164,306,161,39,10,7,77
387,387,2015-16,JHARKHAND,KHUNTI,530299.0,21.96,994.0,64.51,53.71,75.33,2535.0,82,5326,277,354,37,845,358,208,402,249,153,30,14,115
388,388,2015-16,JHARKHAND,RAMGARH,949159.0,13.06,921.0,73.92,63.49,83.51,1341.0,182,11246,665,284,62,757,399,292,352,329,125,12,3,82
389,389,2015-16,ODISHA,BARGARH,,,,,65.84,84.28,5837.0,175,7637,1549,354,153,649,588,307,642,740,167,178,14,80
390,390,2015-16,ODISHA,JHARSUGUDA,,,,,70.05,86.27,2114.0,112,6221,550,566,39,100,124,69,160,323,631,41,20,37
391,391,2015-16,ODISHA,SAMBALPUR,,,,,68.47,85.17,6624.0,190,9034,991,988,79,590,247,117,395,594,26,106,4,41
392,392,2015-16,ODISHA,DEOGARH,312164.0,13.88,976.0,73.07,63.36,82.62,2940.0,34,1807,416,159,21,85,68,83,153,137,274,27,2,16
393,393,2015-16,ODISHA,SUNDERGARH,2080664.0,13.66,971.0,74.13,65.93,82.13,9712.0,314,17260,1342,2260,125,1005,507,383,778,907,141,173,8,62
394,394,2015-16,ODISHA,KEONJHAR,1802777.0,15.42,987.0,69.0,58.7,79.22,8303.0,277,13285,2561,1206,151,983,625,538,943,893,701,283,40,92
395,395,2015-16,ODISHA,MAYURBHANJ,2513895.0,13.06,1005.0,63.98,53.18,74.92,10418.0,428,12998,2725,1500,218,1197,972,896,1526,1640,494,106,27,184
396,396,2015-16,ODISHA,BALASORE,2317419.0,14.47,957.0,80.66,72.95,88.06,3806.0,330,13436,2761,935,296,1550,1483,1552,1110,1436,255,413,58,204
397,397,2015-16,ODISHA,BHADRAK,439917.0,17.82,991.0,72.51,60.44,89.92,2505.0,135,6071,1558,849,135,681,569,970,637,1207,197,206,27,139
398,398,2015-16,ODISHA,KENDRAPARA,1439891.0,10.59,1006.0,85.93,79.51,92.45,2644.0,240,9049,1615,1351,72,549,319,681,755,903,350,170,20,112
399,399,2015-16,ODISHA,JAGATSINGHPUR,1136604.0,7.47,967.0,87.13,80.88,93.2,1668.0,195,10898,1481,1455,31,432,207,364,427,791,0,269,8,29
400,400,2015-16,ODISHA,CUTTACK,2618708.0,11.86,955.0,84.2,77.64,90.51,3932.0,465,24436,1741,1699,166,840,576,515,952,1519,318,266,25,171
401,401,2015-16,ODISHA,JAJPUR,1826275.0,12.43,972.0,80.44,73.37,87.36,2899.0,228,12653,2481,1650,199,461,400,392,931,953,112,144,37,132
402,402,2015-16,ODISHA,DHENKANAL,1192948.0,11.82,947.0,79.41,71.4,87.08,4452.0,140,7090,1167,817,93,1064,351,325,540,1024,9,257,1,34
403,403,2015-16,ODISHA,ANGUL,1271703.0,11.55,942.0,78.96,70.44,87.06,6375.0,211,11035,1373,1011,209,1203,451,407,613,683,150,130,18,59
404,404,2015-16,ODISHA,NAYAGARH,962215.0,11.3,916.0,79.17,71.08,86.63,3890.0,129,6212,892,768,82,424,353,214,485,888,44,288,0,20
405,405,2015-16,ODISHA,KHORDHA,2246341.0,19.65,925.0,87.51,82.06,92.55,2813.0,414,28513,2288,3523,218,530,688,345,556,1445,130,339,18,171
406,406,2015-16,ODISHA,PURI,1697983.0,13.0,963.0,85.37,78.67,91.84,3479.0,211,10746,1725,1352,174,507,523,307,846,1328,128,320,20,105
407,407,2015-16,ODISHA,GANJAM,3520151.0,11.37,981.0,71.88,61.84,81.85,8206.0,425,23711,2543,2848,349,3854,906,678,1300,1957,20,389,20,242
408,408,2015-16,ODISHA,GAJAPATI,575880.0,10.99,1042.0,54.29,43.59,65.58,4325.0,162,5142,313,327,57,167,188,164,436,223,13,57,6,36
409,409,2015-16,ODISHA,KANDHAMAL,731952.0,12.92,1037.0,65.12,52.46,78.41,8021.0,93,3777,604,380,108,565,348,269,632,646,135,92,12,56
410,410,2015-16,ODISHA,BOUDH,1506522.0,12.95,981.0,83.25,76.49,84.49,3098.0,82,2171,373,158,52,225,202,118,265,428,72,81,10,23
411,411,2015-16,ODISHA,SONEPUR,652107.0,20.35,959.0,74.42,63.63,84.78,2337.0,106,4278,713,231,96,273,285,231,276,368,58,83,13,54
412,412,2015-16,ODISHA,BOLANGIR,1648574.0,23.29,983.0,65.5,53.77,77.08,6575.0,166,9314,1749,810,214,833,742,691,1078,943,187,166,17,122
413,413,2015-16,ODISHA,NUAPADA,606490.0,14.28,1020.0,58.2,45.21,71.55,3852.0,51,1717,736,167,117,337,291,230,438,450,10,62,8,42
414,414,2015-16,ODISHA,KALAHANDI,1573054.0,17.79,1003.0,60.22,47.27,73.34,7920.0,161,8450,1526,506,131,489,471,357,888,669,5,156,2,100
415,415,2015-16,ODISHA,RAYAGADA,961959.0,15.74,1048.0,50.88,39.87,62.61,7073.0,187,7223,517,748,48,435,302,232,624,477,35,125,8,64
416,416,2015-16,ODISHA,NABARANGPUR,1218762.0,18.81,1018.0,48.2,37.22,59.45,5291.0,107,5279,563,389,83,363,214,262,599,370,114,42,6,82
417,417,2015-16,ODISHA,KORAPUT,1376934.0,16.63,1031.0,49.87,38.92,61.29,8807.0,210,10364,634,889,121,187,244,239,413,278,219,10,10,44
418,418,2015-16,ODISHA,MALKANGIRI,612727.0,21.53,1016.0,49.49,38.95,60.29,5791.0,84,4011,316,280,54,158,264,142,453,267,64,24,2,46
419,419,2015-16,CHHATTISGARH,KORIYA,659039.0,12.4,971.0,71.41,61.01,81.52,6604.0,150,6849,900,1235,64,363,254,159,396,409,153,13,4,146
420,420,2015-16,CHHATTISGARH,SURGUJA,2361329.0,19.74,976.0,61.16,50.88,71.23,15732.0,136,9134,740,1126,82,450,279,216,524,433,510,31,28,131
421,421,2015-16,CHHATTISGARH,JASHPUR,852043.0,14.65,1004.0,68.6,59.05,78.24,5838.0,135,10853,937,1203,85,609,351,456,482,544,491,113,28,105
422,422,2015-16,CHHATTISGARH,RAIGARH (CHHATTISGARH),1493627.0,18.02,993.0,73.7,63.25,84.17,7086.0,312,19664,1068,1488,128,771,474,187,711,492,163,76,16,240
423,423,2015-16,CHHATTISGARH,KORBA,1206563.0,19.25,971.0,73.22,62.26,83.88,6598.0,266,14450,732,1376,92,278,362,166,509,403,29,118,30,156
424,424,2015-16,CHHATTISGARH,JANJGIR - CHAMPA,1620632.0,23.01,986.0,73.7,61.72,85.59,3853.0,337,24369,2223,2220,71,436,391,362,793,548,1006,42,12,180
425,425,2015-16,CHHATTISGARH,BILASPUR (CHHATTISGARH),2662077.0,33.21,972.0,71.59,60.12,82.77,8272.0,335,23592,1873,4076,175,1964,854,855,946,1184,2873,163,22,327
426,426,2015-16,CHHATTISGARH,KAWARDHA,822239.0,40.66,997.0,61.95,48.94,74.99,4235.0,151,11644,988,691,26,288,184,153,397,344,1467,36,20,133
427,427,2015-16,CHHATTISGARH,RAJNANDGAON,1537520.0,19.82,1017.0,76.97,66.98,87.19,8070.0,269,17009,1027,2065,38,663,290,216,699,656,524,46,8,244
428,428,2015-16,CHHATTISGARH,DURG,3343079.0,18.95,988.0,79.69,70.51,88.8,8535.0,358,31407,1176,5303,74,407,201,117,310,449,412,17,37,214
429,429,2015-16,CHHATTISGARH,RAIPUR,4062160.0,34.65,983.0,76.43,66.21,86.5,12383.0,706,55486,2087,9248,155,1244,568,230,805,784,252,73,34,341
430,430,2015-16,CHHATTISGARH,MAHASAMUND,1032275.0,20.0,1018.0,71.54,60.37,83.01,4790.0,175,12541,822,1110,115,418,308,90,576,370,45,37,5,238
431,431,2015-16,CHHATTISGARH,DHAMTARI,799199.0,13.11,1012.0,78.95,69.24,88.84,4084.0,190,13455,843,1230,17,463,211,249,350,602,2294,104,188,154
432,432,2015-16,CHHATTISGARH,KANKER,748593.0,15.0,1007.0,70.97,61.08,80.98,7161.0,116,5905,547,860,14,366,135,136,425,318,313,29,0,138
433,433,2015-16,CHHATTISGARH,BASTER,1411644.0,17.83,1024.0,54.94,44.49,65.7,10470.0,102,8356,382,870,64,436,316,211,530,428,240,60,35,73
434,434,2015-16,CHHATTISGARH,DANTEWADA,532791.0,11.9,1022.0,42.67,32.88,52.69,8298.0,24,2053,148,258,50,500,109,54,350,82,453,25,4,24
435,435,2015-16,CHHATTISGARH,KONDAGAON,,,,,,,0.0,47,2206,171,308,20,185,137,103,335,176,85,14,4,55
436,436,2015-16,CHHATTISGARH,NARAYANPUR,,,,,,58.97,4653.0,17,1298,170,148,13,186,34,44,125,59,30,19,17,38
437,437,2015-16,CHHATTISGARH,MUNGELI,,,,,,,0.0,99,6477,844,709,32,223,169,121,497,330,186,25,3,122
438,438,2015-16,CHHATTISGARH,BIJAPUR,,,,,,51.42,8530.0,30,1841,117,176,13,258,145,108,300,133,253,31,0,21
439,439,2015-16,CHHATTISGARH,SUKMA,,,,,,,0.0,18,1391,75,92,12,163,55,60,246,25,200,11,5,5
440,440,2015-16,CHHATTISGARH,BALOD,,,,,,,0.0,120,6221,486,848,31,266,161,100,340,376,821,29,15,204
441,441,2015-16,CHHATTISGARH,BEMETARA,,,,,,,0.0,122,7069,529,737,15,130,159,54,295,247,61,7,3,114
442,442,2015-16,CHHATTISGARH,BALODABAZAR,,,,,,,0.0,214,13874,1014,1562,75,949,434,477,809,777,793,76,8,356
443,443,2015-16,CHHATTISGARH,GARIABAND,,,,,,,0.0,49,3949,358,350,45,282,147,172,263,277,91,29,3,131
444,444,2015-16,CHHATTISGARH,BALRAMPUR,,,,,,,0.0,72,4062,541,538,47,259,231,124,431,408,494,7,12,110
445,445,2015-16,CHHATTISGARH,SURAJPUR,,,,,,,0.0,106,5349,703,769,34,485,447,223,290,170,902,20,6,62
446,446,2015-16,MADHYA PRADESH,SHEOPUR,687952.0,22.96,902.0,58.02,44.45,70.3,6606.0,92,5096,723,406,33,170,195,32,577,338,495,36,17,75
447,447,2015-16,MADHYA PRADESH,MORENA,1965137.0,23.38,839.0,72.07,57.64,84.2,4989.0,102,4251,3309,1525,74,244,437,111,1208,548,506,121,108,438
448,448,2015-16,MADHYA PRADESH,BHIND,1703562.0,19.25,838.0,76.59,63.96,87.2,4459.0,275,9208,3120,1915,82,250,241,81,921,358,608,35,5,68
449,449,2015-16,MADHYA PRADESH,GWALIOR,2030543.0,24.41,862.0,77.93,68.29,86.3,4560.0,608,38949,5966,8667,42,739,276,161,800,665,2912,102,20,124
450,450,2015-16,MADHYA PRADESH,DATIA,786375.0,18.4,875.0,73.5,60.21,85.2,2902.0,155,9011,1298,1391,38,111,237,44,398,180,158,12,2,103
451,451,2015-16,MADHYA PRADESH,SHIVPURI,1725818.0,22.74,877.0,63.73,49.47,76.2,10066.0,293,14471,2285,2401,115,370,525,245,833,993,699,26,3,124
452,452,2015-16,MADHYA PRADESH,GUNA,1240938.0,26.91,910.0,65.1,52.53,76.6,6390.0,272,17883,2340,2658,51,166,246,78,586,210,155,13,9,109
453,453,2015-16,MADHYA PRADESH,TIKAMGARH,1444920.0,20.11,901.0,62.57,50.71,73.3,5048.0,116,1725,1263,975,15,127,270,1,435,118,15,7,0,43
454,454,2015-16,MADHYA PRADESH,CHHATARPUR,1762857.0,19.54,884.0,64.9,54.34,74.2,8687.0,368,14259,3052,3048,71,463,558,180,954,805,573,12,3,131
455,455,2015-16,MADHYA PRADESH,PANNA,1016028.0,18.62,907.0,66.08,55.55,75.6,7135.0,339,7145,1799,1133,366,284,326,191,337,212,237,58,24,50
456,456,2015-16,MADHYA PRADESH,SAGAR,2378295.0,17.62,896.0,77.52,67.71,86.3,10252.0,679,33226,2306,3656,239,1156,1071,561,1396,1033,477,40,25,392
457,457,2015-16,MADHYA PRADESH,DAMOH,1263703.0,16.58,913.0,70.92,59.9,81.0,7306.0,253,19156,1187,1462,35,454,491,35,813,485,92,15,0,148
458,458,2015-16,MADHYA PRADESH,SATNA,2228619.0,19.17,927.0,73.79,63.42,83.4,7502.0,605,30523,4157,4380,453,435,740,466,1025,1149,170,37,7,166
459,459,2015-16,MADHYA PRADESH,REWA,2363744.0,19.79,930.0,73.42,62.49,83.7,6314.0,412,19271,3825,2161,251,255,521,178,827,728,159,33,12,87
460,460,2015-16,MADHYA PRADESH,UMARIA,643579.0,24.73,953.0,67.34,56.06,78.1,4076.0,81,3660,483,386,38,381,161,38,258,147,86,1,1,43
461,461,2015-16,MADHYA PRADESH,SHAHDOL,1064989.0,17.27,968.0,68.36,58.16,78.3,6205.0,172,8565,974,1361,53,303,404,146,590,352,218,16,0,64
462,462,2015-16,MADHYA PRADESH,SIDHI,1126515.0,23.66,952.0,66.09,55.23,76.5,4851.0,294,10485,2006,1072,127,430,446,130,894,625,162,44,5,120
463,463,2015-16,MADHYA PRADESH,NEEMUCH,825958.0,13.76,959.0,71.81,57.25,85.9,4256.0,308,18484,1267,2604,23,534,149,31,234,227,92,10,1,74
464,464,2015-16,MADHYA PRADESH,MANDSAUR,1339832.0,13.19,966.0,72.75,58.3,86.8,5535.0,276,15334,2234,2160,22,302,211,41,525,297,223,23,7,138
465,465,2015-16,MADHYA PRADESH,RATLAM,1454483.0,19.67,973.0,68.03,56.45,79.4,4861.0,278,17012,1945,3650,65,251,190,33,571,154,136,3,0,59
466,466,2015-16,MADHYA PRADESH,UJJAIN,1986597.0,16.11,954.0,73.55,61.4,85.2,6091.0,703,43964,3279,5390,106,156,331,145,737,1163,329,57,19,467
467,467,2015-16,MADHYA PRADESH,SHAJAPUR,1512353.0,17.17,939.0,70.17,56.36,83.2,6195.0,454,22740,2561,1629,28,98,157,73,334,204,23,5,1,118
468,468,2015-16,MADHYA PRADESH,DEWAS,1563107.0,19.48,941.0,70.53,58.27,82.1,7020.0,725,30849,2742,3588,19,254,342,677,242,468,624,44,2,145
469,469,2015-16,MADHYA PRADESH,JHABUA,1024091.0,30.58,989.0,44.45,34.29,54.7,3600.0,192,8663,678,832,29,115,154,86,524,100,26,3,0,24
470,470,2015-16,MADHYA PRADESH,DHAR,2184672.0,25.53,961.0,60.57,49.69,71.1,8153.0,736,29104,2293,3747,49,348,440,128,1229,478,829,19,5,164
471,471,2015-16,MADHYA PRADESH,INDORE,3272335.0,32.71,924.0,82.32,74.89,89.2,3898.0,767,35904,2994,8449,114,228,370,86,487,476,3468,17,1,107
472,472,2015-16,MADHYA PRADESH,KHARGONE,1872413.0,22.81,963.0,63.98,53.68,74.0,8025.0,473,30815,1915,4022,65,289,341,67,712,277,21,21,9,127
473,473,2015-16,MADHYA PRADESH,BARWANI,1385659.0,27.55,981.0,50.23,43.07,57.3,5427.0,231,15029,811,1791,26,238,188,45,391,138,51,5,17,55
474,474,2015-16,MADHYA PRADESH,KHANDWA,1309443.0,21.44,944.0,67.53,56.54,77.9,7352.0,324,22331,865,3048,76,537,433,71,857,558,1055,31,11,163
475,475,2015-16,MADHYA PRADESH,RAJGARH,1546541.0,23.32,955.0,62.68,49.79,75.1,6153.0,694,34464,3236,2583,23,305,473,101,697,722,1234,23,4,159
476,476,2015-16,MADHYA PRADESH,VIDISHA,1458212.0,20.03,897.0,72.08,61.67,81.4,7371.0,499,24370,1834,2795,57,499,910,87,1079,533,615,41,15,160
477,477,2015-16,MADHYA PRADESH,BHOPAL,2368145.0,28.46,911.0,82.26,76.57,87.4,2772.0,1148,90239,3410,12326,28,264,321,57,237,216,29,2,5,54
478,478,2015-16,MADHYA PRADESH,SEHORE,1311008.0,21.51,918.0,71.11,58.86,82.4,6578.0,529,38148,3381,2491,68,151,113,48,583,229,54,3,6,57
479,479,2015-16,MADHYA PRADESH,RAISEN,1331699.0,18.36,899.0,74.26,65.09,82.5,8466.0,413,31288,2050,2777,81,226,332,182,630,403,524,93,7,184
480,480,2015-16,MADHYA PRADESH,BETUL,1575247.0,12.91,970.0,70.14,61.63,78.4,10043.0,329,20476,998,2510,62,334,220,204,571,543,243,32,7,170
481,481,2015-16,MADHYA PRADESH,HARDA,570302.0,20.21,932.0,74.04,64.3,83.1,3334.0,195,10613,915,1267,19,181,115,55,354,234,81,7,3,68
482,482,2015-16,MADHYA PRADESH,HOSHANGABAD,1240975.0,14.45,912.0,76.52,67.04,85.2,6703.0,301,16829,1770,3022,49,125,164,74,204,227,2649,27,19,62
483,483,2015-16,MADHYA PRADESH,KATNI,1291684.0,21.38,948.0,73.62,62.47,84.2,4950.0,269,12372,913,1378,302,438,345,69,660,796,892,6,0,210
484,484,2015-16,MADHYA PRADESH,JABALPUR,2460714.0,14.39,925.0,82.47,75.3,89.1,5211.0,663,41192,1728,7518,179,274,408,210,993,1092,589,31,15,213
485,485,2015-16,MADHYA PRADESH,NARSIMHAPUR,1092141.0,14.04,917.0,76.79,67.64,85.2,5133.0,265,18748,1477,2562,72,158,197,101,646,484,197,59,1,220
486,486,2015-16,MADHYA PRADESH,DINDORI,704218.0,21.26,1004.0,65.47,53.49,77.6,7470.0,144,3858,427,311,62,219,391,89,485,276,139,8,5,170
487,487,2015-16,MADHYA PRADESH,MANDLA,1053522.0,17.81,1005.0,68.28,57.2,79.5,5800.0,302,8010,506,874,66,195,229,151,628,283,308,7,13,133
488,488,2015-16,MADHYA PRADESH,CHHINDWARA,2090306.0,13.03,966.0,72.21,63.38,80.8,11815.0,496,31317,1977,3982,84,431,529,207,1835,1256,942,75,52,336
489,489,2015-16,MADHYA PRADESH,SEONI,1378876.0,18.2,984.0,73.01,64.14,81.8,8758.0,362,20553,1179,2161,77,545,426,93,856,572,406,25,2,213
490,490,2015-16,MADHYA PRADESH,BALAGHAT,1701156.0,13.56,1021.0,78.29,69.71,87.1,9229.0,393,20292,1635,3456,94,277,262,102,776,773,1815,17,8,371
491,491,2015-16,MADHYA PRADESH,ASHOKNAGAR,844979.0,22.65,900.0,67.9,54.18,80.2,4674.0,165,13246,1149,1271,40,121,192,54,403,167,255,15,3,73
492,492,2015-16,MADHYA PRADESH,ANUPPUR,749521.0,12.35,975.0,69.08,57.89,80.1,3747.0,217,5235,834,798,30,411,257,0,396,229,484,22,0,59
493,493,2015-16,MADHYA PRADESH,BURHANPUR,756993.0,19.23,951.0,65.28,57.12,73.1,3427.0,144,11612,602,1262,46,506,110,25,211,47,7,2,0,21
494,494,2015-16,MADHYA PRADESH,ALIRAJPUR,728677.0,19.4,1009.0,37.22,30.97,43.6,3182.0,110,2426,229,391,42,132,126,43,319,67,42,2,2,65
495,495,2015-16,MADHYA PRADESH,SINGRAULI,1178132.0,28.03,916.0,62.36,49.86,73.8,5675.0,166,7107,1689,907,83,465,489,179,779,448,189,17,0,96
496,496,2015-16,MADHYA PRADESH,AGAR MALWA,,,,,,,,206,12249,1265,691,67,117,67,67,212,187,94,7,4,37
497,497,2015-16,GUJARAT,KACHCHH,2090313.0,32.03,907.0,71.58,61.62,80.6,45674.0,248,20467,961,3405,64,377,420,227,666,1202,167,17,15,197
498,498,2015-16,GUJARAT,BANAS KANTHA,3116045.0,24.43,936.0,66.39,52.58,79.45,10743.0,133,9271,1765,1645,181,576,505,492,1321,1362,460,37,19,277
499,499,2015-16,GUJARAT,PATAN,1342746.0,13.53,935.0,73.47,62.01,84.28,5792.0,65,5690,420,884,62,271,158,213,563,764,150,42,5,80
500,500,2015-16,GUJARAT,MAHESANA,2027727.0,9.91,925.0,84.26,76.12,91.88,4401.0,96,7339,921,2086,92,181,255,83,678,1237,38,47,2,113
501,501,2015-16,GUJARAT,SABAR KANTHA,2427346.0,16.56,950.0,76.6,65.29,87.45,7394.0,46,3010,1252,1301,77,211,349,89,467,629,331,56,5,85
502,502,2015-16,GUJARAT,GANDHINAGAR,1387478.0,12.15,920.0,85.78,77.37,93.59,2140.0,165,11925,1106,3407,95,278,126,139,483,652,250,23,0,103
503,503,2015-16,GUJARAT,AHMEDABAD,7208200.0,22.31,903.0,86.65,80.29,92.44,8107.0,562,58064,3126,14539,261,1643,872,600,1218,2000,724,222,32,278
504,504,2015-16,GUJARAT,SURENDRANAGAR,1755873.0,15.89,929.0,73.19,62.2,83.47,10423.0,82,5786,790,1365,133,398,313,297,565,1158,513,136,12,150
505,505,2015-16,GUJARAT,RAJKOT,3799770.0,19.87,924.0,82.2,75.26,88.67,11198.0,265,19707,2403,7190,95,323,428,151,469,903,302,47,9,148
506,506,2015-16,GUJARAT,JAMNAGAR,2159130.0,13.38,938.0,74.4,65.97,82.35,14184.0,93,6573,814,2123,18,145,72,102,275,506,310,36,7,84
507,507,2015-16,GUJARAT,PORBANDAR,586062.0,9.17,947.0,76.63,68.32,84.56,2316.0,55,3911,267,1041,24,61,62,46,169,285,19,32,1,53
508,508,2015-16,GUJARAT,JUNAGADH,2742291.0,12.01,952.0,76.88,67.59,85.8,8831.0,73,5096,1392,3031,91,201,222,81,315,824,97,149,4,97
509,509,2015-16,GUJARAT,AMRELI,1513614.0,8.59,964.0,74.49,66.97,81.82,7397.0,57,3051,727,1697,54,253,142,139,371,698,161,43,6,98
510,510,2015-16,GUJARAT,BHAVNAGAR,2877961.0,16.53,931.0,76.84,66.92,86.15,10034.0,119,12812,1293,2302,51,382,426,219,507,1111,482,117,15,195
511,511,2015-16,GUJARAT,ANAND,2090276.0,12.57,921.0,85.79,77.76,93.23,3204.0,122,14030,1271,2107,177,661,303,257,778,1223,505,43,7,174
512,512,2015-16,GUJARAT,KHEDA,2298934.0,12.81,937.0,84.31,74.67,93.4,3953.0,99,9144,908,1334,124,439,270,171,814,1212,226,45,12,151
513,513,2015-16,GUJARAT,PANCH MAHALS,2388267.0,17.92,945.0,72.32,59.95,84.07,5231.0,117,10240,588,961,128,386,318,273,766,1464,88,71,11,152
514,514,2015-16,GUJARAT,DOHAD,2126558.0,29.95,986.0,60.6,49.02,72.14,3642.0,78,7379,457,794,210,446,275,260,748,1004,322,64,34,113
515,515,2015-16,GUJARAT,VADODARA,4157568.0,14.16,934.0,81.21,74.4,87.59,7546.0,335,33218,1668,6027,70,601,333,348,716,1830,470,133,26,197
516,516,2015-16,GUJARAT,NARMADA,590379.0,14.77,960.0,73.29,63.62,82.6,2817.0,62,3167,113,275,18,169,136,123,208,509,415,16,9,69
517,517,2015-16,GUJARAT,BHARUCH,1550822.0,13.14,924.0,83.03,76.79,88.8,6509.0,171,17138,1150,2714,98,249,174,148,449,961,244,35,13,75
518,518,2015-16,GUJARAT,SURAT,6079231.0,42.19,788.0,86.65,81.02,91.05,4549.0,468,60999,4618,11841,343,2100,425,583,1005,1924,1638,232,36,212
519,519,2015-16,GUJARAT,THE DANGS,226769.0,21.44,1007.0,76.8,68.75,84.98,1766.0,9,263,61,94,28,78,42,74,129,248,773,5,4,32
520,520,2015-16,GUJARAT,NAVSARI,1330711.0,8.24,961.0,84.78,79.3,90.06,2246.0,103,12723,465,1559,27,213,507,111,259,578,92,8,7,51
521,521,2015-16,GUJARAT,VALSAD,1703068.0,20.74,926.0,80.94,74.96,86.48,3008.0,137,15157,705,2696,72,221,217,168,421,688,228,33,11,111
522,522,2015-16,GUJARAT,TAPI,806489.0,12.07,1004.0,69.23,61.69,76.86,3139.0,36,2351,216,431,7,85,46,82,166,284,208,26,15,86
523,523,2015-16,GUJARAT,ARAVALLI,,,,,,,,55,3677,613,723,51,200,269,106,297,452,96,31,1,87
524,524,2015-16,GUJARAT,BOTAD,,,,,,,,27,2052,455,579,22,193,65,77,159,358,88,49,5,41
525,525,2015-16,GUJARAT,DEVBHOOMI DWARKA,,,,,,,,44,3300,612,963,16,74,60,113,216,308,57,12,10,71
526,526,2015-16,GUJARAT,GIR SOMNATH,,,,,,,,49,2639,1008,2001,51,237,158,190,456,673,98,94,17,160
527,527,2015-16,GUJARAT,MAHISAGAR,,,,,,,,49,1998,492,487,65,269,211,97,492,1245,188,61,2,84
528,528,2015-16,GUJARAT,CHHOTAUDEPUR,,,,,,,,29,1904,250,297,48,222,120,156,342,677,451,17,6,96
529,529,2015-16,GUJARAT,MORBI,,,,,,,,21,1639,934,1567,20,101,82,109,243,393,209,13,9,87
530,530,2015-16,DAMAN AND DIU,DIU,52056.0,17.73,1030.0,83.36,75.83,91.24,39.0,10,351,30,77,0,6,0,5,13,10,2,1,0,3
531,531,2015-16,DAMAN AND DIU,DAMAN,190855.0,67.43,533.0,88.06,81.14,91.53,72.0,22,3268,80,340,1,46,13,9,23,20,2,0,0,3
532,532,2015-16,DADRA AND NAGAR HAVELI,DADRA AND NAGAR HAVELI(UT),342853.0,55.5,775.0,77.65,65.93,86.46,491.0,40,4046,179,642,6,36,64,27,67,156,9,9,1,16
533,533,2015-16,MAHARASHTRA,NANDURBAR,1646177.0,25.5,972.0,63.04,53.9,71.98,5955.0,97,8935,4103,1564,51,359,206,219,325,501,135,12,20,72
534,534,2015-16,MAHARASHTRA,DHULE,2048781.0,19.96,941.0,74.61,66.21,82.59,7195.0,204,18393,6448,2433,209,1034,663,430,682,929,242,80,24,177
535,535,2015-16,MAHARASHTRA,JALGAON,4224442.0,14.71,922.0,79.73,70.92,87.97,11765.0,283,37529,10153,4649,114,1291,909,590,1354,1355,297,73,72,460
536,536,2015-16,MAHARASHTRA,BULDANA,2588039.0,15.93,928.0,82.09,72.95,90.69,9661.0,194,24655,5968,2012,425,1193,892,999,1476,1471,453,65,86,406
537,537,2015-16,MAHARASHTRA,AKOLA,1818617.0,11.6,942.0,87.55,81.91,92.89,5676.0,199,25252,4186,2832,234,1688,758,1120,797,959,1556,95,81,328
538,538,2015-16,MAHARASHTRA,WASHIM,1196714.0,17.23,926.0,81.7,72.26,90.54,4898.0,62,5076,3201,1095,121,842,448,371,709,565,474,14,40,198
539,539,2015-16,MAHARASHTRA,AMRAVATI,2887826.0,10.77,947.0,88.23,83.52,92.7,12210.0,321,23635,5437,4407,546,1111,1038,541,1093,1610,518,100,62,401
540,540,2015-16,MAHARASHTRA,WARDHA,1296157.0,4.8,946.0,87.22,81.89,92.27,6309.0,152,12798,2672,2448,126,784,475,545,436,818,1349,67,66,221
541,541,2015-16,MAHARASHTRA,NAGPUR,4653171.0,14.39,948.0,89.52,85.07,93.76,9892.0,853,74141,8213,14488,361,2820,1315,629,1037,3092,962,304,90,490
542,542,2015-16,MAHARASHTRA,BHANDARA,1198810.0,5.52,984.0,85.14,77.02,93.17,4087.0,114,9671,2624,1813,84,1111,338,383,460,1167,1020,97,41,139
543,543,2015-16,MAHARASHTRA,GONDIYA,1322331.0,10.13,996.0,85.41,77.3,93.54,5234.0,104,7606,2770,1427,57,607,264,258,668,1121,930,54,6,287
544,544,2015-16,MAHARASHTRA,GADCHIROLI,1071795.0,10.46,975.0,70.55,60.66,80.21,14412.0,79,6030,2579,894,64,777,807,406,686,1067,935,75,28,218
545,545,2015-16,MAHARASHTRA,CHANDRAPUR,2194262.0,5.95,959.0,81.35,73.65,88.73,11443.0,224,21699,4441,3474,139,1074,685,647,871,1434,1477,68,50,499
546,546,2015-16,MAHARASHTRA,YAVATMAL,2775457.0,12.9,947.0,80.7,72.41,88.58,13582.0,241,22777,4953,2660,299,1642,1095,734,1437,1412,709,46,119,407
547,547,2015-16,MAHARASHTRA,NANDED,3356566.0,16.7,937.0,76.94,66.68,86.62,10528.0,299,23356,8522,3087,635,1288,1048,758,1730,1781,858,50,31,234
548,548,2015-16,MAHARASHTRA,HINGOLI,1178973.0,19.43,935.0,76.04,64.73,86.73,4827.0,69,6020,2497,633,190,665,331,390,778,612,249,29,31,223
549,549,2015-16,MAHARASHTRA,PARBHANI,1835982.0,20.18,940.0,75.22,64.27,85.66,6214.0,313,15048,4446,1938,152,1554,722,1000,1421,1168,530,86,23,238
550,550,2015-16,MAHARASHTRA,JALNA,1958483.0,21.84,929.0,73.61,61.28,85.25,7718.0,156,10640,4247,1335,282,529,309,365,986,713,431,55,40,305
551,551,2015-16,MAHARASHTRA,AURANGABAD (MAHARASHTRA),3695928.0,27.33,917.0,80.4,70.81,89.31,10107.0,557,35000,8476,6725,365,1506,987,1247,1728,1946,907,146,96,448
552,552,2015-16,MAHARASHTRA,NASHIK,6109052.0,22.33,931.0,80.96,73.43,88.03,15530.0,458,66095,10588,7773,260,2336,1030,1229,1820,2429,1373,139,80,522
553,553,2015-16,MAHARASHTRA,THANE,11054131.0,35.94,880.0,86.18,80.78,90.9,9558.0,1079,179686,7598,18339,308,3014,1610,775,1352,2389,1644,134,204,478
554,554,2015-16,MAHARASHTRA,MUMBAI (SUBURBAN),9332481.0,8.01,857.0,90.9,86.93,90.54,446.0,710,105875,1398,9524,159,2544,1215,669,720,2855,1806,242,137,350
555,555,2015-16,MAHARASHTRA,MUMBAI II,3145966.0,-5.75,838.0,88.48,86.03,94.28,157.0,74,25421,8844,21765,151,3811,957,625,407,300,2480,135,106,114
556,556,2015-16,MAHARASHTRA,RAIGARH (MAHARASHTRA),2635394.0,19.36,955.0,83.89,76.79,90.68,7152.0,328,39421,4767,6382,68,1172,706,423,604,1596,652,191,49,433
557,557,2015-16,MAHARASHTRA,PUNE,9426959.0,30.34,910.0,87.19,81.13,92.72,15643.0,1495,192797,15139,21223,1164,9158,1567,1471,1535,2073,3074,121,195,580
558,558,2015-16,MAHARASHTRA,AHMADNAGAR,4543083.0,12.43,934.0,80.22,71.15,88.81,17048.0,353,32313,10818,5241,318,2139,1255,1553,1858,2452,1191,149,90,684
559,559,2015-16,MAHARASHTRA,BID,2585962.0,19.65,912.0,73.53,62.29,83.99,10693.0,217,11753,8787,2468,107,1144,1207,1677,1465,1893,1651,59,67,358
560,560,2015-16,MAHARASHTRA,LATUR,2455543.0,18.04,924.0,79.03,70.02,87.42,7157.0,225,17014,8545,3239,346,754,1077,852,1498,1596,569,93,48,250
561,561,2015-16,MAHARASHTRA,OSMANABAD,1660311.0,11.69,920.0,76.33,66.67,85.31,7569.0,701,14296,3587,1190,107,1353,741,663,814,846,698,35,41,324
562,562,2015-16,MAHARASHTRA,SOLAPUR,4315527.0,12.1,932.0,77.72,68.55,86.35,14895.0,475,44283,11417,5900,282,1584,1562,754,1650,2227,497,112,34,506
563,563,2015-16,MAHARASHTRA,SATARA,3003922.0,6.94,986.0,84.2,76.29,92.09,10480.0,244,24264,5842,4167,185,1153,645,566,864,1899,1539,45,67,414
564,564,2015-16,MAHARASHTRA,RATNAGIRI,1612672.0,-4.96,1123.0,82.43,74.55,91.43,8208.0,167,11782,2542,1488,48,835,439,284,437,2118,1225,72,14,205
565,565,2015-16,MAHARASHTRA,SINDHUDURG,848868.0,-2.3,1037.0,86.54,79.73,93.68,5207.0,49,3357,1579,983,11,640,308,533,311,1108,583,51,13,172
566,566,2015-16,MAHARASHTRA,KOLHAPUR,3874015.0,9.96,953.0,82.9,74.18,91.33,7685.0,364,35490,7357,4624,144,754,918,415,1014,2156,1307,292,54,506
567,567,2015-16,MAHARASHTRA,SANGLI,2820575.0,9.18,964.0,82.62,74.66,90.4,8572.0,326,26521,6161,3735,90,2715,1243,888,1008,2172,1940,105,54,484
568,568,2015-16,MAHARASHTRA,PALGHAR,,,,,,,,289,41115,2582,6036,162,1280,1124,487,919,1149,477,28,37,336
569,569,2015-16,ANDHRA PRADESH,SRIKAKULAM,2699471.0,6.38,1014.0,62.3,52.56,72.25,5837.0,4,0,1754,1750,142,479,359,288,374,906,360,187,145,703
570,570,2015-16,ANDHRA PRADESH,VIZIANAGARAM,2342868.0,4.16,1016.0,59.49,50.16,69.04,6539.0,8,0,2103,2011,293,248,392,249,251,624,221,99,190,510
571,571,2015-16,ANDHRA PRADESH,VISAKHAPATNAM,4288113.0,11.89,1003.0,67.7,60.0,75.48,11161.0,4,0,2250,3645,450,463,457,322,414,992,423,261,356,1327
572,572,2015-16,ANDHRA PRADESH,EAST GODAVARI,5151549.0,5.1,1005.0,71.35,67.82,74.91,10807.0,7,0,5698,7920,464,544,633,615,505,1777,403,421,314,1189
573,573,2015-16,ANDHRA PRADESH,WEST GODAVARI,3934782.0,3.45,1004.0,74.32,71.05,77.63,7742.0,0,0,2465,3817,210,935,669,615,424,1604,1140,240,247,1102
574,574,2015-16,ANDHRA PRADESH,KRISHNA,4529009.0,8.15,997.0,74.37,69.62,79.13,8727.0,0,0,3880,7193,292,621,539,473,379,1483,1648,314,278,1018
575,575,2015-16,ANDHRA PRADESH,GUNTUR,4889230.0,9.5,1003.0,67.99,60.64,75.4,11391.0,0,0,3628,5767,256,837,610,661,327,1490,1244,244,314,1269
576,576,2015-16,ANDHRA PRADESH,PRAKASAM,3392764.0,10.9,981.0,63.53,53.4,73.54,17626.0,0,0,3574,3232,244,841,879,671,410,2007,904,360,209,880
577,577,2015-16,ANDHRA PRADESH,NELLORE,2966082.0,11.15,986.0,69.15,62.3,75.93,13076.0,10,0,2313,2747,157,375,311,389,331,1032,331,207,163,547
578,578,2015-16,ANDHRA PRADESH,Kadapa,2884524.0,10.87,984.0,67.88,57.26,78.41,15359.0,6,0,3123,2535,216,1208,599,510,313,1397,726,323,190,591
579,579,2015-16,ANDHRA PRADESH,KURNOOL,4046601.0,14.65,984.0,61.13,50.81,71.36,17658.0,0,0,4469,5145,288,2070,1066,1220,688,1724,489,285,475,875
580,580,2015-16,ANDHRA PRADESH,ANANTAPUR,4083315.0,12.16,977.0,64.28,54.31,74.09,19130.0,0,0,2546,2452,449,553,450,740,355,1444,426,293,449,921
581,581,2015-16,ANDHRA PRADESH,CHITTOOR,4170468.0,11.33,1002.0,72.36,63.65,81.15,15152.0,0,0,2685,3767,278,647,823,687,518,2189,868,359,227,987
582,582,2015-16,KARNATAKA,BELGAUM,4778439.0,13.38,969.0,73.94,64.74,82.9,13433.0,346,44030,1050,2167,67,430,407,348,866,698,65,47,34,448
583,583,2015-16,KARNATAKA,BAGALKOT,1890826.0,14.46,984.0,69.39,58.55,80.16,6552.0,301,34691,1568,1742,201,349,250,568,937,817,134,20,26,551
584,584,2015-16,KARNATAKA,BIJAPUR (KARNATAKA),2175102.0,20.38,954.0,67.2,56.54,77.41,10498.0,374,32808,2190,2444,78,606,523,518,864,867,176,47,38,494
585,585,2015-16,KARNATAKA,GULBARGA,2564892.0,17.94,962.0,65.65,55.87,,10954.0,485,41810,2085,4800,260,1299,470,880,1223,1091,237,64,31,514
586,586,2015-16,KARNATAKA,BIDAR,1700018.0,13.16,952.0,71.01,61.66,79.94,5448.0,136,14398,2055,2790,139,429,275,508,682,621,1150,61,25,500
587,587,2015-16,KARNATAKA,RAICHUR,1924773.0,15.27,992.0,60.46,49.56,71.35,8442.0,302,28708,1332,2436,209,283,228,556,756,669,222,41,27,437
588,588,2015-16,KARNATAKA,KOPPAL,1391292.0,16.32,983.0,67.28,56.22,78.21,5570.0,209,20789,1014,1426,128,293,218,407,740,697,82,91,13,328
589,589,2015-16,KARNATAKA,GADAG,1065235.0,9.61,978.0,75.18,65.29,84.89,4657.0,175,19291,664,1039,76,678,417,343,746,631,157,9,7,366
590,590,2015-16,KARNATAKA,DHARWAD,1846993.0,15.13,967.0,80.3,73.57,86.83,4260.0,328,30349,1078,2961,168,603,267,332,606,714,271,59,12,305
591,591,2015-16,KARNATAKA,UTTARA KANNADA,1436847.0,6.15,975.0,84.03,78.21,89.72,10277.0,105,11253,200,749,4,516,223,228,257,300,379,30,20,272
592,592,2015-16,KARNATAKA,HAVERI,1598506.0,11.08,951.0,77.6,70.65,84.22,4823.0,258,21401,838,1509,73,492,329,466,699,785,191,41,18,698
593,593,2015-16,KARNATAKA,BELLARY,2532383.0,24.92,978.0,67.85,58.28,77.24,8461.0,535,54691,1545,3119,39,523,372,554,1210,1241,234,54,20,457
594,594,2015-16,KARNATAKA,CHITRADURGA,1660378.0,9.39,969.0,73.82,66.05,81.37,8436.0,344,23270,832,1509,55,747,350,614,830,649,164,43,12,479
595,595,2015-16,KARNATAKA,DAVANAGERE,1946905.0,8.71,967.0,76.3,69.39,83.02,5924.0,441,36233,1600,2851,59,442,476,384,804,707,91,10,3,429
596,596,2015-16,KARNATAKA,SHIMOGA,1755512.0,6.88,995.0,80.5,74.89,86.11,8478.0,387,27871,840,2312,118,1062,264,255,573,556,438,80,20,480
597,597,2015-16,KARNATAKA,UDUPI,1177908.0,5.9,1093.0,86.29,81.41,91.69,3582.0,134,18447,546,1822,5,647,176,151,217,646,125,54,31,228
598,598,2015-16,KARNATAKA,CHIKKAMANGALORE,1137753.0,-0.28,1005.0,79.24,72.88,85.66,7202.0,213,14016,464,1521,92,495,166,174,318,271,209,4,12,247
599,599,2015-16,KARNATAKA,TUMKUR,2681449.0,3.74,979.0,74.32,66.45,82.05,10597.0,294,25264,675,2076,55,294,255,260,424,414,118,5,1,446
600,600,2015-16,KARNATAKA,KOLAR,1540231.0,11.04,976.0,74.33,66.56,81.94,3979.0,278,25634,807,2608,80,116,132,201,430,304,117,15,8,257
601,601,2015-16,KARNATAKA,BANGALORE U SOUTH,,,,,,91.82,0.0,1487,165398,3604,20211,99,539,380,411,584,562,517,57,33,135
602,602,2015-16,KARNATAKA,BANGALORE RURAL,987257.0,16.02,945.0,78.29,70.73,85.44,2298.0,285,25869,742,1870,35,242,134,148,206,426,90,19,5,308
603,603,2015-16,KARNATAKA,MANDYA,1808680.0,2.55,989.0,70.14,62.1,78.14,4962.0,350,25832,642,2374,21,501,309,275,602,614,321,136,16,311
604,604,2015-16,KARNATAKA,HASSAN,1776221.0,3.17,1005.0,75.89,68.3,83.55,6814.0,427,26878,700,2136,100,563,212,352,421,435,201,46,37,419
605,605,2015-16,KARNATAKA,DAKSHINA KANNADA,2083625.0,9.8,1018.0,88.62,84.04,93.31,4861.0,290,39440,514,3481,66,1149,201,184,410,928,351,80,137,443
606,606,2015-16,KARNATAKA,KODAGU,554762.0,1.13,1019.0,82.52,77.91,87.24,4102.0,107,8887,118,1010,4,124,72,60,165,186,168,5,3,137
607,607,2015-16,KARNATAKA,MYSORE,2994744.0,13.39,982.0,72.56,66.59,78.44,6307.0,654,65488,1290,5282,169,527,503,558,793,724,515,39,29,535
608,608,2015-16,KARNATAKA,CHAMARAJANAGARA,1020962.0,5.75,989.0,61.12,54.32,67.88,5648.0,168,15646,315,866,12,193,106,164,396,291,52,8,6,206
609,609,2015-16,KARNATAKA,BANGALORE U NORTH,9588910.0,46.68,908.0,88.48,84.8,,2298.0,1067,93486,2430,13519,114,353,366,217,359,627,282,93,43,288
610,610,2015-16,KARNATAKA,CHIKKABALLAPURA,1254377.0,9.17,968.0,70.08,61.55,78.36,4244.0,286,21881,829,1623,47,223,136,324,503,472,170,14,12,290
611,611,2015-16,KARNATAKA,BELGAUM CHIKKODI,,,,,,,0.0,533,49030,2128,2412,66,739,415,598,1177,879,246,34,46,542
612,612,2015-16,KARNATAKA,TUMKUR MADHUGIRI,,,,,,,0.0,150,10975,357,753,18,129,110,283,422,274,139,5,7,242
613,613,2015-16,KARNATAKA,RAMANAGARA,1082739.0,5.06,976.0,69.2,61.3,76.92,3516.0,225,19940,415,1436,3,719,133,156,370,285,280,30,15,248
614,614,2015-16,KARNATAKA,YADAGIRI,1172985.0,22.67,984.0,52.36,41.31,63.33,5270.0,130,10185,652,1099,26,298,157,375,589,403,45,15,11,185
615,615,2015-16,KARNATAKA,UTTARA KANNADA SIRSI,,,,,,89.72,0.0,102,5748,117,378,85,605,373,361,346,339,441,29,25,281
616,616,2015-16,GOA,NORTH GOA,817761.0,7.8,959.0,88.85,83.74,93.77,1736.0,241,18943,952,3648,28,442,187,62,95,1008,913,14,44,69
617,617,2015-16,GOA,SOUTH GOA,639962.0,8.63,980.0,85.53,79.42,91.56,1966.0,173,14951,557,2978,1,290,46,78,63,319,407,7,41,63
618,618,2015-16,LAKSHADWEEP,LAKSHADWEEP,64429.0,6.23,946.0,92.28,88.25,96.11,30.0,1,9,0,0,2,55,9,6,36,26,100,0,0,7
619,619,2015-16,KERALA,KASARAGOD,1302600.0,8.18,1079.0,89.85,86.13,93.93,1989.0,353,25935,1392,3779,92,1761,385,194,384,1239,419,82,55,189
620,620,2015-16,KERALA,KANNUR,2525637.0,4.84,1133.0,95.41,93.57,97.54,2961.0,903,50759,3527,10613,97,1222,432,126,555,2553,324,233,117,423
621,621,2015-16,KERALA,WAYANAD,816558.0,4.6,1035.0,89.32,85.94,92.84,2130.0,231,14299,721,2287,70,1661,493,163,211,703,90,90,43,223
622,622,2015-16,KERALA,KOZHIKODE,3089543.0,7.31,1097.0,95.24,93.16,97.57,2345.0,902,54554,5238,11076,113,7503,1252,593,680,2374,1170,208,163,555
623,623,2015-16,KERALA,MALAPPURAM,4110956.0,13.39,1096.0,93.55,91.55,95.78,3554.0,1188,95771,6531,13774,229,5855,1295,695,1072,3495,1245,359,221,599
624,624,2015-16,KERALA,PALAKKAD,2810892.0,7.39,1067.0,88.49,84.99,92.27,4482.0,881,55965,2534,10242,8,3978,501,495,700,2130,67,223,137,235
625,625,2015-16,KERALA,THRISSUR,3110327.0,4.58,1109.0,95.32,93.85,96.98,3027.0,764,59025,1802,15207,55,6852,908,535,594,2195,1450,271,247,454
626,626,2015-16,KERALA,ERNAKULAM,3279860.0,5.6,1028.0,95.68,94.27,97.14,3063.0,865,60538,2017,16443,81,1748,640,261,505,2985,1804,396,257,483
627,627,2015-16,KERALA,IDUKKI,1107453.0,-1.93,1006.0,92.2,89.59,94.84,4356.0,296,17176,1101,4074,92,1103,182,144,226,1115,385,73,51,74
628,628,2015-16,KERALA,KOTTAYAM,1979384.0,1.32,1040.0,96.4,95.67,97.17,2206.0,563,30779,2186,10088,150,1861,461,323,319,2097,1097,169,119,294
629,629,2015-16,KERALA,ALAPPUZHA,2121943.0,0.61,1100.0,96.26,94.8,97.9,1415.0,622,34947,1298,8340,39,2698,372,441,404,2325,891,188,200,220
630,630,2015-16,KERALA,PATHANAMTHITTA,1195537.0,-3.12,1129.0,96.93,96.26,97.7,2652.0,501,20047,1041,6025,11,747,329,114,209,1330,448,86,46,152
631,631,2015-16,KERALA,KOLLAM,2629703.0,1.72,1113.0,93.77,91.95,95.83,2483.0,887,56206,1955,9295,33,3871,624,346,579,2214,265,246,180,284
632,632,2015-16,KERALA,THIRUVANANTHAPURAM,3307284.0,2.25,1088.0,92.66,90.89,94.6,2189.0,986,71654,2116,11874,95,3811,565,341,696,2945,430,237,217,216
633,633,2015-16,TAMIL NADU,THIRUVALLUR,3725697.0,35.25,983.0,83.82,78.39,89.18,3394.0,751,91174,2410,13300,41,444,505,501,525,2739,5,290,116,335
634,634,2015-16,TAMIL NADU,CHENNAI,4681087.0,7.77,986.0,90.33,87.16,93.47,175.0,866,100627,2786,18562,240,371,638,385,312,2266,473,208,235,299
635,635,2015-16,TAMIL NADU,KANCHEEPURAM,3990897.0,38.69,985.0,85.29,80.17,90.34,4483.0,744,95743,1884,12612,64,199,479,227,485,2724,17,184,85,799
636,636,2015-16,TAMIL NADU,VELLORE,3928106.0,12.96,1004.0,79.65,72.43,86.96,6075.0,691,61350,2796,11004,91,710,762,496,1054,2951,0,386,63,578
637,637,2015-16,TAMIL NADU,DHARMAPURI,1502900.0,16.04,946.0,64.71,60.03,69.16,4497.0,194,22306,1459,3314,27,309,373,144,543,1253,0,192,17,135
638,638,2015-16,TAMIL NADU,TIRUVANNAMALAI,2468965.0,12.94,993.0,74.72,65.71,83.73,6188.0,296,29547,1540,5202,32,279,529,185,617,2924,15,224,16,622
639,639,2015-16,TAMIL NADU,VILUPPURAM,3463284.0,16.99,985.0,72.08,63.51,80.58,7194.0,400,51547,2484,7068,48,1694,710,667,1237,2373,53,249,73,495
640,640,2015-16,TAMIL NADU,SALEM,3480008.0,15.37,954.0,73.23,65.43,80.7,5237.0,468,54195,2550,9122,80,1351,423,473,567,2026,198,227,29,773
641,641,2015-16,TAMIL NADU,NAMAKKAL,1721179.0,15.25,986.0,74.92,66.68,83.09,3420.0,225,23777,2052,5339,9,1501,298,1080,395,1059,16,226,47,184
642,642,2015-16,TAMIL NADU,ERODE,2259608.0,12.05,992.0,72.96,65.07,80.81,5760.0,350,38632,2360,8359,19,264,324,314,475,1922,478,149,52,527
643,643,2015-16,TAMIL NADU,THE NILGIRIS,735071.0,-3.55,1041.0,85.65,79.44,92.15,2565.0,146,11299,529,2509,5,437,101,120,185,399,1,95,13,58
644,644,2015-16,TAMIL NADU,COIMBATORE,3472578.0,18.46,1001.0,84.31,79.16,89.49,4732.0,846,97971,3017,17495,103,359,590,365,833,3971,0,237,226,618
645,645,2015-16,TAMIL NADU,DINDIGUL,2161367.0,12.39,998.0,76.85,68.82,84.91,6036.0,259,25029,1652,6361,71,818,459,444,827,1915,39,299,91,450
646,646,2015-16,TAMIL NADU,KARUR,1076588.0,15.06,1015.0,75.86,67.05,84.86,2904.0,141,14848,878,2977,29,614,179,576,315,1220,0,60,31,85
647,647,2015-16,TAMIL NADU,TIRUCHIRAPPALLI,2713858.0,12.22,1013.0,83.56,77.24,90.0,4509.0,404,46682,2265,9163,66,353,396,500,701,2804,19,144,129,196
648,648,2015-16,TAMIL NADU,PERAMBALUR,564511.0,14.36,1006.0,74.68,66.11,83.39,1756.0,163,19091,1101,3542,27,525,348,262,530,1420,184,67,14,366
649,649,2015-16,TAMIL NADU,CUDDALORE,2600880.0,13.8,984.0,79.04,71.2,86.84,3703.0,434,46230,1905,8135,17,246,570,332,513,2059,0,356,103,489
650,650,2015-16,TAMIL NADU,NAGAPATTINAM,1614069.0,8.41,1025.0,84.09,78.0,90.38,2569.0,244,25117,1480,4670,76,457,432,426,515,1979,0,138,43,453
651,651,2015-16,TAMIL NADU,THIRUVARUR,1268094.0,8.43,1020.0,83.26,77.02,89.65,2274.0,186,17522,781,3266,15,394,210,315,473,1468,28,103,30,556
652,652,2015-16,TAMIL NADU,THANJAVUR,2402781.0,8.42,1031.0,82.72,76.61,89.06,3411.0,332,38861,2022,7956,177,234,440,122,628,1653,96,107,39,561
653,653,2015-16,TAMIL NADU,PUDUKKOTTAI,1618725.0,10.9,1015.0,77.76,69.51,86.19,4644.0,234,20505,1038,3996,18,305,469,378,502,1700,4,164,22,467
654,654,2015-16,TAMIL NADU,SIVAGANGA,1341250.0,16.09,1000.0,80.46,72.33,88.61,4233.0,205,18023,1143,4145,80,974,313,185,325,1086,28,84,17,337
655,655,2015-16,TAMIL NADU,MADURAI,3041038.0,17.95,990.0,81.66,76.74,86.55,3710.0,552,51101,2515,12383,144,1367,540,298,595,2489,52,236,70,352
656,656,2015-16,TAMIL NADU,THENI,1243684.0,13.69,990.0,77.62,69.72,85.48,2868.0,140,17539,1482,4645,36,669,205,407,344,896,0,135,15,150
657,657,2015-16,TAMIL NADU,VIRUDHUNAGAR,1943309.0,10.96,1009.0,80.75,73.14,88.46,4241.0,198,18946,1628,6056,36,150,325,31,540,1776,0,51,49,663
658,658,2015-16,TAMIL NADU,RAMANATHAPURAM,1337560.0,12.63,977.0,81.48,74.93,87.89,4104.0,188,18502,1342,4222,15,323,207,149,340,1168,66,257,60,177
659,659,2015-16,TAMIL NADU,THOOTHUKKUDI,1738376.0,9.14,1024.0,86.52,81.77,91.42,4745.0,232,25697,1712,7919,68,959,374,134,575,2161,0,313,48,1012
660,660,2015-16,TAMIL NADU,TIRUNELVELI,3072880.0,13.66,1024.0,82.92,76.38,89.66,6693.0,522,47699,3473,13516,180,1750,566,313,861,2346,0,383,81,512
661,661,2015-16,TAMIL NADU,KANNIYAKUMARI,1863174.0,11.17,1010.0,92.14,90.45,93.86,1684.0,387,40599,1418,9888,64,59,251,82,263,1768,0,96,61,572
662,662,2015-16,TAMIL NADU,KRISHANAGIRI,1883731.0,20.67,956.0,72.41,64.86,79.65,5129.0,251,26088,1376,4012,95,333,435,267,688,1403,418,184,38,310
663,663,2015-16,PONDICHERRY,YANAM,55616.0,77.15,1039.0,80.26,77.07,83.63,30.0,25,1628,77,99,1,14,7,22,33,49,53,1,0,9
664,664,2015-16,PONDICHERRY,PONDICHERRY,946600.0,28.73,1031.0,86.13,80.4,92.07,294.0,394,26550,1163,4632,25,128,172,27,96,100,51,8,11,31
665,665,2015-16,PONDICHERRY,MAHE,41934.0,13.86,1176.0,98.35,97.61,99.24,9.0,25,1802,23,249,1,29,5,0,9,1,6,1,0,2
666,666,2015-16,PONDICHERRY,KARAIKAL,200314.0,17.29,1048.0,87.83,82.61,93.36,157.0,136,6143,210,916,1,29,38,17,36,51,17,0,1,3
667,667,2015-16,ANDAMAN AND NICOBAR ISLANDS,ANDAMANS,237586.0,13.97,874.0,88.49,84.52,91.91,2672.0,157,5049,177,652,1,8,35,11,61,128,2,8,3,38
668,668,2015-16,ANDAMAN AND NICOBAR ISLANDS,NICOBARS,36819.0,-12.48,778.0,77.5,70.7,82.65,1841.0,38,419,0,0,1,5,10,6,17,8,0,0,0,6
669,669,2015-16,ANDAMAN AND NICOBAR ISLANDS,MIDDLE AND NORTH ANDAMANS,105539.0,-0.07,925.0,84.25,79.39,88.72,3736.0,166,2414,43,124,4,6,11,20,25,30,6,2,1,17
670,670,2015-16,TELANGANA,ADILABAD,2737738.0,10.04,1003.0,61.55,51.99,71.22,16105.0,43,3095,3318,3531,122,326,303,454,675,865,554,163,39,282
671,671,2015-16,TELANGANA,NIZAMABAD,2552073.0,8.8,1038.0,62.25,52.33,72.66,7956.0,113,10177,2851,3773,85,529,346,468,666,885,1135,153,31,382
672,672,2015-16,TELANGANA,KARIMNAGAR,3811738.0,9.16,1009.0,64.87,55.18,74.72,11823.0,67,3368,4284,3072,92,534,298,490,765,1495,909,154,61,303
673,673,2015-16,TELANGANA,MEDAK,3031877.0,13.55,989.0,62.53,52.49,72.5,9699.0,63,4713,2775,3621,99,486,303,533,640,1024,1457,102,60,338
674,674,2015-16,TELANGANA,HYDERABAD,4010238.0,4.71,943.0,80.96,78.42,83.35,217.0,251,23735,3991,15953,395,1431,632,840,150,377,1618,144,43,65
675,675,2015-16,TELANGANA,RANGA REDDY,5296396.0,48.15,955.0,78.05,71.82,84.0,7493.0,107,7008,5975,13436,65,390,166,338,443,535,476,52,14,240
676,676,2015-16,TELANGANA,MAHBUBNAGAR,4042191.0,15.03,975.0,56.06,45.65,66.27,18432.0,110,5362,4477,4225,291,786,340,920,915,1057,2288,108,45,381
677,677,2015-16,TELANGANA,NALGONDA,3483648.0,7.26,982.0,65.05,55.05,74.94,14240.0,205,23484,4447,3824,212,921,641,860,850,1747,1567,267,45,605
678,678,2015-16,TELANGANA,WARANGAL,3522644.0,8.52,994.0,66.16,56.45,75.91,12846.0,138,8900,5245,3806,97,777,569,512,658,1362,1767,195,88,442
679,679,2015-16,TELANGANA,KHAMMAM,2798214.0,8.5,1010.0,65.46,57.85,73.2,16029.0,8,328,2606,3810,134,568,281,431,589,1001,3110,185,51,369
