,STATE NAME,DISTRICT NAME,TOTAL POULATION,GROWTH RATE,SEX RATIO,OVERALL LITERACY,FEMALE LITERACY,MALE LITERACY,AREA (SQ. KM) (AREA SQKM)
0,JAMMU AND KASHMIR,KUPWARA,875564.0,34.62,843.0,66.92,54.79,77.1,2379.0
1,JAMMU AND KASHMIR,BARAMULA,1015503.0,20.34,873.0,66.93,55.01,77.35,4243.0
2,JAMMU AND KASHMIR,SRINAGAR,1269751.0,23.56,879.0,71.21,63.47,77.95,1979.0
3,JAMMU AND KASHMIR,BADGAM,735753.0,21.18,883.0,57.98,46.6,68.56,1361.0
4,JAMMU AND KASHMIR,PULWAMA,570060.0,29.18,913.0,65.0,53.81,75.41,1086.0
5,JAMMU AND KASHMIR,ANANTNAG,1070144.0,37.48,937.0,64.32,54.15,74.13,3574.0
6,JAMMU AND KASHMIR,LEH (LADAKH),147104.0,25.48,583.0,80.48,64.52,89.39,45110.0
7,JAMMU AND KASHMIR,KARGIL,143388.0,20.18,775.0,74.49,58.05,86.73,14036.0
8,JAMMU AND KASHMIR,DODA,409576.0,27.89,922.0,65.97,50.34,80.36,8912.0
9,JAMMU AND KASHMIR,UDHAMPUR,555357.0,20.86,863.0,69.9,58.22,79.93,2637.0
10,JAMMU AND KASHMIR,PUNCH,476820.0,27.97,890.0,68.69,54.8,81.04,1674.0
11,JAMMU AND KASHMIR,RAJAURI,619266.0,28.14,863.0,68.54,57.2,78.38,2630.0
12,JAMMU AND KASHMIR,JAMMU,1526406.0,12.48,871.0,83.98,77.41,89.77,2342.0
13,JAMMU AND KASHMIR,KATHUA,615711.0,20.38,877.0,73.5,64.56,81.4,2502.0
14,JAMMU AND KASHMIR,SHOPIAN,265960.0,25.85,951.0,62.49,52.77,71.86,312.0
15,JAMMU AND KASHMIR,BANDIPORA,385099.0,26.31,911.0,57.82,46.24,68.41,345.0
16,JAMMU AND KASHMIR,KISHTWAR,231037.0,21.06,917.0,58.54,44.13,71.75,1644.0
17,JAMMU AND KASHMIR,RAMBAN,283313.0,31.81,901.0,56.9,40.04,71.97,1329.0
18,JAMMU AND KASHMIR,GANDERBAL,297003.0,36.3,869.0,59.99,47.62,70.74,259.0
19,JAMMU AND KASHMIR,KULGAM,422786.0,7.3,951.0,60.35,49.74,70.58,410.0
20,JAMMU AND KASHMIR,REASI,314714.0,27.06,891.0,59.42,47.55,69.93,1719.0
21,JAMMU AND KASHMIR,SAMBA,318611.0,16.9,886.0,82.48,74.39,89.76,904.0
22,HIMACHAL PRADESH,CHAMBA,518844.0,12.58,989.0,73.19,62.14,84.19,6522.0
23,HIMACHAL PRADESH,KANGRA,1507223.0,12.56,1013.0,86.49,80.62,92.55,5739.0
24,HIMACHAL PRADESH,LAHUL AND SPITI,31528.0,-5.1,916.0,77.24,66.5,86.97,13841.0
25,HIMACHAL PRADESH,KULLU,437474.0,14.65,950.0,80.14,71.01,88.8,5503.0
26,HIMACHAL PRADESH,MANDI,999518.0,10.89,1012.0,82.81,74.33,91.51,3950.0
27,HIMACHAL PRADESH,HAMIRPUR (H,454293.0,10.08,1096.0,89.01,83.44,95.28,1118.0
28,HIMACHAL PRADESH,UNA,521057.0,16.24,977.0,87.23,81.67,92.75,1540.0
29,HIMACHAL PRADESH,BILASPUR (H,382056.0,12.08,981.0,85.67,78.9,92.39,1167.0
30,HIMACHAL PRADESH,SOLAN,576670.0,15.21,884.0,85.02,78.02,91.19,1936.0
31,HIMACHAL PRADESH,SIRMAUR,530164.0,15.61,915.0,79.98,72.55,86.76,2825.0
32,HIMACHAL PRADESH,SHIMLA,813384.0,12.58,916.0,84.55,77.8,90.73,5131.0
33,HIMACHAL PRADESH,KINNAUR,84298.0,7.61,818.0,80.77,71.34,88.37,6401.0
34,PUNJAB,GURDASPUR,2299026.0,9.3,895.0,81.06,75.73,85.9,3551.0
35,PUNJAB,AMRITSAR,2490891.0,15.48,884.0,77.2,72.75,81.2,2683.0
36,PUNJAB,KAPURTHALA,817668.0,8.37,912.0,80.18,75.36,84.6,1633.0
37,PUNJAB,JALANDHAR,2181753.0,11.16,913.0,82.4,78.31,86.1,2624.0
38,PUNJAB,HOSHIARPUR,1582793.0,6.85,962.0,85.43,80.78,89.9,3386.0
39,PUNJAB,NAWANSHAHR,614362.0,4.58,954.0,80.33,74.28,86.2,1282.0
40,PUNJAB,RUPNAGAR,683349.0,8.67,913.0,83.28,77.17,88.9,1356.0
41,PUNJAB,FATEHGARH SAHIB,599814.0,11.39,871.0,80.33,75.53,84.5,1180.0
42,PUNJAB,LUDHIANA,3487882.0,15.0,869.0,82.54,78.16,86.3,3578.0
43,PUNJAB,MOGA,992289.0,10.9,893.0,71.59,67.41,75.3,2242.0
44,PUNJAB,FIROZPUR,2026831.0,16.08,893.0,69.85,62.24,76.7,5305.0
45,PUNJAB,MUKTSAR,902702.0,16.1,895.0,66.79,60.03,72.9,2593.0
46,PUNJAB,FARIDKOT,618008.0,12.18,889.0,70.65,64.82,75.9,1458.0
47,PUNJAB,BATHINDA,1388859.0,17.37,865.0,69.57,62.92,75.3,3353.0
48,PUNJAB,MANSA,768808.0,11.62,880.0,62.78,56.41,68.4,2198.0
49,PUNJAB,SANGRUR,1654408.0,12.3,883.0,68.88,62.86,74.2,3625.0
50,PUNJAB,PATIALA,1892282.0,19.4,888.0,76.26,70.47,81.4,3325.0
51,PUNJAB,MOHALI,986147.0,32.02,878.0,84.87,80.01,89.2,1094.0
52,PUNJAB,TARAN TARAN,1120070.0,19.28,898.0,69.43,62.88,75.4,2414.0
53,PUNJAB,BARNALA,596294.0,13.16,876.0,68.9,64.14,73.1,1482.0
54,PUNJAB,Fazilka,,,,,,,0.0
55,PUNJAB,PATHANKOT,,,,,,,0.0
56,CHANDIGARH,CHANDIGARH,1054686.0,17.1,818.0,86.43,81.38,90.54,114.0
57,UTTARAKHAND,UTTARKASHI,329686.0,11.75,959.0,75.98,62.23,89.26,8016.0
58,UTTARAKHAND,CHAMOLI,391114.0,5.6,1021.0,83.48,73.2,94.18,8030.0
59,UTTARAKHAND,RUDRAPRAYAG,236857.0,4.14,1120.0,82.09,70.94,94.97,1984.0
60,UTTARAKHAND,TEHRI GARHWAL,616409.0,1.93,1078.0,75.1,61.77,89.91,3642.0
61,UTTARAKHAND,DEHRADUN,1698560.0,32.48,902.0,85.24,79.61,90.32,3088.0
62,UTTARAKHAND,GARHWAL,686527.0,-1.51,1103.0,82.59,73.26,93.18,5329.0
63,UTTARAKHAND,PITHORAGARH,485993.0,5.13,1021.0,82.93,72.97,93.45,7090.0
64,UTTARAKHAND,BAGESHWAR,259840.0,5.13,1093.0,80.69,69.59,93.2,2241.0
65,UTTARAKHAND,ALMORA,621927.0,-1.73,1142.0,81.06,70.44,93.57,3144.0
66,UTTARAKHAND,CHAMPAWAT,259315.0,15.49,981.0,80.73,68.81,92.65,1766.0
67,UTTARAKHAND,NAINITAL,955128.0,25.2,933.0,84.85,78.21,91.09,4251.0
68,UTTARAKHAND,UDHAM SINGH NAGAR,1648367.0,33.4,919.0,74.44,65.73,82.48,2542.0
69,UTTARAKHAND,HARDWAR,1927029.0,33.16,879.0,74.62,65.96,82.26,2360.0
70,HARYANA,PANCHKULA,558890.0,19.32,870.0,83.44,77.48,88.65,898.0
71,HARYANA,AMBALA,1136784.0,12.06,882.0,82.89,76.64,88.47,1574.0
72,HARYANA,YAMUNANAGAR,1214162.0,16.56,877.0,78.93,71.99,85.06,1768.0
73,HARYANA,KURUKSHETRA,964231.0,16.81,889.0,76.7,69.18,83.46,1530.0
74,HARYANA,KAITHAL,1072861.0,13.39,880.0,70.56,60.69,79.33,2317.0
75,HARYANA,KARNAL,1506323.0,18.22,886.0,76.44,68.29,83.73,2520.0
76,HARYANA,PANIPAT,1202811.0,24.33,861.0,77.46,68.23,85.45,1268.0
77,HARYANA,SONIPAT,1480080.0,15.71,853.0,80.83,70.88,89.4,2122.0
78,HARYANA,JIND,1332042.0,11.95,870.0,72.73,61.58,82.49,2702.0
79,HARYANA,FATEHABAD,941522.0,16.79,903.0,69.13,59.29,78.1,2538.0
80,HARYANA,SIRSA,1295114.0,15.98,896.0,70.35,61.16,78.64,4277.0
81,HARYANA,HISAR,1742815.0,13.38,871.0,73.24,62.31,82.79,3983.0
82,HARYANA,BHIWANI,1629109.0,14.32,884.0,76.74,64.8,87.39,4778.0
83,HARYANA,ROHTAK,1058683.0,12.61,868.0,80.37,71.19,88.42,1745.0
84,HARYANA,JHAJJAR,956907.0,8.73,861.0,80.83,70.96,89.44,1834.0
85,HARYANA,MAHENDRAGARH,921680.0,13.43,894.0,78.87,65.25,91.28,1899.0
86,HARYANA,REWARI,896129.0,17.09,898.0,82.23,70.54,92.92,1594.0
87,HARYANA,GURGAON,1514085.0,73.93,853.0,84.44,77.64,90.27,1258.0
88,HARYANA,FARIDABAD,1798954.0,31.75,871.0,83.04,75.17,89.94,741.0
89,HARYANA,MEWAT,1089406.0,37.94,906.0,56.14,37.58,72.98,1507.0
90,HARYANA,PALWAL,1040493.0,25.49,879.0,70.32,56.4,82.6,1359.0
91,DELHI,NORTH WEST DELHI,3651261.0,27.63,862.0,84.66,78.76,89.74,443.0
92,DELHI,NORTH DELHI,883418.0,13.04,871.0,86.81,81.92,91.06,61.0
93,DELHI,NORTH EAST DELHI,2240749.0,26.73,886.0,82.8,76.51,88.39,62.0
94,DELHI,EAST DELHI,1707725.0,16.68,883.0,88.75,84.55,92.47,63.0
95,DELHI,NEW DELHI,133713.0,-25.35,811.0,89.38,84.83,93.04,35.0
96,DELHI,CENTRAL DELHI,578671.0,-10.48,892.0,85.25,82.6,87.6,21.0
97,DELHI,WEST DELHI,2531583.0,18.91,876.0,87.12,82.5,91.17,130.0
98,DELHI,SOUTH WEST DELHI,2292363.0,30.62,836.0,88.81,83.07,93.62,421.0
99,DELHI,SOUTH DELHI,2733752.0,20.59,859.0,87.03,80.99,92.2,247.0
100,RAJASTHAN,GANGANAGAR,1969520.0,10.06,887.0,70.25,60.07,79.33,10978.0
101,RAJASTHAN,HANUMANGARH,1779650.0,17.24,906.0,68.37,56.91,78.82,9656.0
102,RAJASTHAN,BIKANER,2367745.0,41.42,903.0,65.92,53.77,76.9,30239.0
103,RAJASTHAN,CHURU,2041172.0,6.1,938.0,67.46,54.25,79.95,13835.0
104,RAJASTHAN,JHUNJHUNUN,2139658.0,11.81,950.0,74.72,61.15,87.88,5928.0
105,RAJASTHAN,ALWAR,3671999.0,22.7,894.0,71.68,56.78,85.08,8380.0
106,RAJASTHAN,BHARATPUR,2549121.0,21.32,877.0,71.16,54.63,85.7,5066.0
107,RAJASTHAN,DHAULPUR,1207293.0,22.78,845.0,70.14,55.45,82.53,3033.0
108,RAJASTHAN,KARAULI,1458459.0,20.57,858.0,67.34,49.18,82.96,5524.0
109,RAJASTHAN,SAWAI MADHOPUR,1338114.0,19.79,894.0,66.19,47.8,82.72,4498.0
110,RAJASTHAN,Dausa,1637226.0,24.31,904.0,69.17,52.33,84.54,3432.0
111,RAJASTHAN,JAIPUR,6663971.0,26.91,909.0,76.44,64.63,87.27,11143.0
112,RAJASTHAN,SIKAR,2677737.0,17.04,944.0,72.98,58.76,86.66,7732.0
113,RAJASTHAN,NAGAUR,3309234.0,19.25,948.0,64.08,48.63,78.9,17718.0
114,RAJASTHAN,JODHPUR,3685681.0,27.69,915.0,67.09,52.57,80.46,22850.0
115,RAJASTHAN,JAISALMER,672008.0,32.22,849.0,58.04,40.23,73.09,38401.0
116,RAJASTHAN,BARMER,2604453.0,32.55,900.0,57.49,41.03,72.32,28387.0
117,RAJASTHAN,JALOR,1830151.0,26.31,951.0,55.58,38.73,71.83,10640.0
118,RAJASTHAN,SIROHI,1037185.0,21.86,938.0,56.02,40.12,71.09,5136.0
119,RAJASTHAN,PALI,2038533.0,11.99,987.0,63.23,48.35,78.16,12387.0
120,RAJASTHAN,AJMER,2584913.0,18.48,950.0,70.46,56.42,83.93,8481.0
121,RAJASTHAN,TONK,1421711.0,17.33,949.0,62.46,46.01,78.27,7194.0
122,RAJASTHAN,BUNDI,1113725.0,15.7,922.0,62.31,47.0,76.52,5776.0
123,RAJASTHAN,BHILWARA,2410459.0,19.7,969.0,62.71,47.93,77.16,10455.0
124,RAJASTHAN,RAJSAMAND,1158283.0,17.35,988.0,63.93,48.44,79.52,4655.0
125,RAJASTHAN,UDAIPUR,3067549.0,23.66,958.0,62.74,49.1,75.91,11724.0
126,RAJASTHAN,DUNGARPUR,1388906.0,25.39,990.0,60.78,46.98,74.66,3770.0
127,RAJASTHAN,BANSWARA,1798194.0,26.58,979.0,57.2,43.47,70.8,4522.0
128,RAJASTHAN,CHITTAURGARH,1544392.0,16.09,970.0,62.51,46.98,77.74,7822.0
129,RAJASTHAN,KOTA,1950491.0,24.35,906.0,77.48,66.32,87.63,5217.0
130,RAJASTHAN,BARAN,1223921.0,19.8,926.0,67.38,52.48,81.23,6992.0
131,RAJASTHAN,JHALAWAR,1411327.0,19.57,945.0,62.13,47.06,76.47,6219.0
132,RAJASTHAN,PRATAPGARH (RAJ,868231.0,22.84,982.0,56.3,42.4,70.13,4449.0
133,UTTAR PRADESH,SAHARANPUR,3464228.0,19.59,887.0,72.03,63.3,79.77,3689.0
134,UTTAR PRADESH,MUZAFFARNAGAR,4138605.0,16.8,886.0,70.11,60.0,79.11,4008.0
135,UTTAR PRADESH,BIJNOR,3683896.0,17.64,913.0,70.43,61.45,78.7,4561.0
136,UTTAR PRADESH,MORADABAD,4773138.0,25.25,903.0,58.67,49.63,66.83,3718.0
137,UTTAR PRADESH,RAMPUR,2335398.0,21.4,905.0,55.08,46.19,63.1,2367.0
138,UTTAR PRADESH,JYOTIBA PHULE NAGAR,1838771.0,22.66,907.0,65.7,53.77,76.53,2249.0
139,UTTAR PRADESH,MEERUT,3447405.0,15.01,885.0,74.8,65.69,82.91,2559.0
140,UTTAR PRADESH,BAGHPAT,1302156.0,11.87,858.0,73.54,61.22,84.17,1321.0
141,UTTAR PRADESH,GHAZIABAD,4661452.0,41.66,878.0,85.0,81.42,88.16,1179.0
142,UTTAR PRADESH,GAUTAM BUDDHA NAGAR,1674714.0,39.32,852.0,82.2,72.78,90.23,1282.0
143,UTTAR PRADESH,BULANDSHAHR,3498507.0,20.09,892.0,70.23,56.6,82.52,4512.0
144,UTTAR PRADESH,ALIGARH,3673849.0,22.78,876.0,69.61,57.48,80.24,3650.0
145,UTTAR PRADESH,HATHRAS,1565678.0,17.19,870.0,73.1,60.79,83.83,1840.0
146,UTTAR PRADESH,MATHURA,2541894.0,22.53,858.0,72.65,58.93,84.39,3340.0
147,UTTAR PRADESH,AGRA,4380793.0,21.0,859.0,69.44,59.16,78.32,4041.0
148,UTTAR PRADESH,FIROZABAD,2496761.0,21.62,867.0,74.6,64.8,83.08,2407.0
149,UTTAR PRADESH,ETAH,1761152.0,12.77,863.0,73.27,61.72,83.21,2431.0
150,UTTAR PRADESH,MAINPURI,1847194.0,15.69,876.0,78.26,68.35,86.93,2760.0
151,UTTAR PRADESH,BUDAUN,3712738.0,20.96,859.0,52.91,41.76,62.39,5168.0
152,UTTAR PRADESH,BAREILLY,4465344.0,23.4,883.0,60.52,50.35,69.47,4120.0
153,UTTAR PRADESH,PILIBHIT,2037225.0,23.83,889.0,63.58,52.43,73.46,3686.0
154,UTTAR PRADESH,SHAHJAHANPUR,3002376.0,17.84,865.0,61.61,51.73,70.09,4388.0
155,UTTAR PRADESH,KHERI,4013634.0,25.14,887.0,62.71,52.62,71.58,7680.0
156,UTTAR PRADESH,SITAPUR,4474446.0,23.62,879.0,63.38,52.8,72.61,5743.0
157,UTTAR PRADESH,HARDOI,4091380.0,20.39,856.0,68.89,59.17,77.2,5986.0
158,UTTAR PRADESH,UNNAO,3110595.0,15.19,901.0,68.29,58.54,77.06,4558.0
159,UTTAR PRADESH,LUCKNOW,4588455.0,25.79,906.0,79.33,73.88,84.27,2528.0
160,UTTAR PRADESH,RAE BARELI,3404004.0,18.51,941.0,69.04,58.06,79.39,4609.0
161,UTTAR PRADESH,FARRUKHABAD,1887577.0,20.2,874.0,70.57,60.51,79.34,2181.0
162,UTTAR PRADESH,KANNAUJ,1658005.0,19.37,879.0,74.01,64.46,82.36,2093.0
163,UTTAR PRADESH,ETAWAH,1579160.0,17.95,867.0,79.99,71.16,87.64,2311.0
164,UTTAR PRADESH,AURAIYA,1372287.0,16.3,864.0,80.25,71.97,87.37,2016.0
165,UTTAR PRADESH,KANPUR DEHAT,1795092.0,14.82,862.0,77.52,68.48,85.27,3021.0
166,UTTAR PRADESH,KANPUR NAGAR,4572951.0,9.72,852.0,81.31,76.89,85.07,3155.0
167,UTTAR PRADESH,JALAUN,1670718.0,14.87,865.0,75.16,63.88,84.89,4565.0
168,UTTAR PRADESH,JHANSI,2000755.0,14.66,885.0,76.37,64.88,86.58,5024.0
169,UTTAR PRADESH,LALITPUR,1218002.0,24.57,905.0,64.95,52.26,76.41,5039.0
170,UTTAR PRADESH,HAMIRPUR (U,1104021.0,5.78,860.0,70.16,57.19,81.27,4021.0
171,UTTAR PRADESH,MAHOBA,876055.0,23.66,880.0,66.94,54.65,77.72,3144.0
172,UTTAR PRADESH,BANDA,1799541.0,17.06,863.0,68.11,54.95,79.38,4408.0
173,UTTAR PRADESH,CHITRAKOOT,990626.0,29.29,879.0,66.52,54.03,77.42,3216.0
174,UTTAR PRADESH,FATEHPUR,2632684.0,14.05,900.0,68.78,57.76,78.69,4152.0
175,UTTAR PRADESH,PRATAPGARH,3173752.0,16.2,994.0,73.1,60.99,85.29,3717.0
176,UTTAR PRADESH,KAUSHAMBI,1596909.0,23.49,905.0,63.69,50.76,75.35,1779.0
177,UTTAR PRADESH,ALLAHABAD,5959798.0,20.74,902.0,74.41,62.67,85.0,5482.0
178,UTTAR PRADESH,BARABANKI,3257983.0,21.86,908.0,63.76,54.1,72.49,4402.0
179,UTTAR PRADESH,FAIZABAD,2468371.0,18.16,961.0,70.63,60.72,80.21,2341.0
180,UTTAR PRADESH,AMBEDKAR NAGAR,2398709.0,18.35,976.0,74.37,64.62,83.95,2350.0
181,UTTAR PRADESH,Sultanpur,3790922.0,17.92,978.0,71.14,60.17,81.99,4436.0
182,UTTAR PRADESH,BAHRAICH,3478257.0,46.08,891.0,51.1,40.76,60.23,5237.0
183,UTTAR PRADESH,SHRAWASTI,1114615.0,-5.25,875.0,49.13,37.07,59.55,1640.0
184,UTTAR PRADESH,BALRAMPUR (U,2149066.0,27.74,922.0,51.76,40.92,61.66,3349.0
185,UTTAR PRADESH,GONDA,3431386.0,24.07,922.0,61.16,49.13,72.23,4003.0
186,UTTAR PRADESH,SIDDHARTHNAGAR,2553526.0,25.17,970.0,61.81,49.61,73.79,2895.0
187,UTTAR PRADESH,BASTI,2461056.0,18.05,959.0,69.69,58.35,80.65,2688.0
188,UTTAR PRADESH,SANT KABIR NAGAR,1714300.0,20.71,969.0,69.01,56.99,80.72,1646.0
189,UTTAR PRADESH,MAHARAJGANJ,2665292.0,22.61,938.0,64.3,50.14,77.62,2952.0
190,UTTAR PRADESH,GORAKHPUR,4436275.0,17.69,944.0,73.25,61.54,84.38,3321.0
191,UTTAR PRADESH,KUSHINAGAR,3560830.0,23.08,955.0,67.66,54.74,80.1,2905.0
192,UTTAR PRADESH,DEORIA,3098637.0,14.23,1013.0,73.53,61.34,86.07,2540.0
193,UTTAR PRADESH,AZAMGARH,4616509.0,17.17,1017.0,72.69,62.65,83.08,4054.0
194,UTTAR PRADESH,MAU,2205170.0,18.94,978.0,75.16,65.59,84.61,1713.0
195,UTTAR PRADESH,BALLIA,3223642.0,16.73,933.0,73.82,61.72,85.19,2981.0
196,UTTAR PRADESH,JAUNPUR,4476072.0,14.43,1018.0,73.66,61.7,86.06,4038.0
197,UTTAR PRADESH,GHAZIPUR,3622727.0,19.26,951.0,74.27,62.29,85.77,3377.0
198,UTTAR PRADESH,CHANDAULI,1952713.0,18.83,913.0,73.86,63.07,83.58,2541.0
199,UTTAR PRADESH,VARANASI,3682194.0,17.32,909.0,77.05,68.2,85.12,1535.0
200,UTTAR PRADESH,SAMBHAL (BHIM NAGAR),,,,,,,0.0
201,UTTAR PRADESH,MIRZAPUR,2494533.0,17.89,900.0,70.38,58.77,80.83,4405.0
202,UTTAR PRADESH,SONBHADRA,1862612.0,27.27,913.0,66.18,54.11,77.19,6905.0
203,UTTAR PRADESH,BHADOI,1554203.0,14.81,950.0,71.1,57.79,83.87,1015.0
204,UTTAR PRADESH,KANSHIRAM NAGAR,1438156.0,17.05,879.0,62.3,50.2,72.91,1955.0
205,UTTAR PRADESH,AMETHI - CSM NAGAR,,,,,,,0.0
206,UTTAR PRADESH,SHAMLI (PRABUDH NAGAR),,,,,,,0.0
207,UTTAR PRADESH,HAPUR (PANCHSHEEL NAGAR),,,,,,,0.0
208,BIHAR,PASHCHIM CHAMPARAN,3922780.0,28.89,906.0,58.06,46.79,68.16,5228.0
209,BIHAR,PURBA CHAMPARAN,5082868.0,29.01,901.0,58.26,47.36,68.02,3968.0
210,BIHAR,SHEOHAR,656916.0,27.32,890.0,56.0,47.25,63.72,349.0
211,BIHAR,SITAMARHI,3419622.0,27.47,899.0,53.53,43.4,62.56,2294.0
212,BIHAR,MADHUBANI,4476044.0,25.19,925.0,60.9,48.3,72.53,3501.0
213,BIHAR,SUPAUL,2228397.0,28.62,925.0,59.65,46.63,71.65,2425.0
214,BIHAR,ARARIA,2806200.0,30.0,921.0,55.1,45.18,64.15,2830.0
215,BIHAR,KISHANGANJ,1690948.0,30.44,946.0,57.04,47.98,65.56,1884.0
216,BIHAR,PURNIA,3273127.0,28.66,930.0,52.49,43.19,61.09,3229.0
217,BIHAR,KATIHAR,3068149.0,28.23,916.0,53.56,45.37,60.99,3057.0
218,BIHAR,MADHEPURA,1994618.0,30.65,914.0,53.78,42.75,63.82,1788.0
219,BIHAR,SAHARSA,1897102.0,25.79,906.0,54.57,42.73,65.22,1687.0
220,BIHAR,DARBHANGA,3921971.0,19.0,910.0,58.26,46.88,68.58,2279.0
221,BIHAR,MUZAFFARPUR,4778610.0,27.54,898.0,65.68,56.82,73.61,3172.0
222,BIHAR,GOPALGANJ,2558037.0,18.83,1015.0,67.04,56.03,78.38,2033.0
223,BIHAR,SIWAN,3318176.0,22.25,984.0,71.59,60.35,82.77,2219.0
224,BIHAR,SARAN,3943098.0,21.37,949.0,68.57,56.89,79.71,2641.0
225,BIHAR,VAISHALI,3495249.0,28.58,892.0,68.56,59.1,77.0,2036.0
226,BIHAR,SAMASTIPUR,4254782.0,25.33,909.0,63.81,53.52,73.09,2904.0
227,BIHAR,BEGUSARAI,2954367.0,25.75,894.0,66.23,57.1,74.36,1918.0
228,BIHAR,KHAGARIA,1657599.0,29.46,883.0,60.87,52.16,68.51,1486.0
229,BIHAR,BHAGALPUR,3032226.0,25.13,879.0,64.96,56.49,72.3,2569.0
230,BIHAR,BANKA,2029339.0,26.14,907.0,60.12,49.4,69.76,3020.0
231,BIHAR,MUNGER,1359054.0,19.45,879.0,73.3,65.53,80.06,1419.0
232,BIHAR,LAKHISARAI,1000717.0,24.74,900.0,64.95,54.89,73.98,1228.0
233,BIHAR,SHEIKHPURA,634927.0,20.82,926.0,65.96,54.93,76.14,689.0
234,BIHAR,NALANDA,2872523.0,21.18,921.0,66.41,54.76,77.11,2355.0
235,BIHAR,PATNA,5772804.0,22.34,892.0,72.47,63.72,80.28,3202.0
236,BIHAR,BHOJPUR,2720155.0,21.27,900.0,72.79,60.2,84.08,2395.0
237,BIHAR,BUXAR,1707643.0,21.77,922.0,71.77,59.84,82.78,1703.0
238,BIHAR,KAIMUR (BHABUA),1626900.0,27.54,919.0,71.01,59.56,81.49,3332.0
239,BIHAR,ROHTAS,2962593.0,20.22,914.0,75.59,64.95,85.29,3881.0
240,BIHAR,JEHANABAD,1124176.0,21.34,918.0,68.27,56.24,79.3,931.0
241,BIHAR,AURANGABAD (BIHAR),2511243.0,24.75,916.0,72.77,62.05,82.52,3305.0
242,BIHAR,GAYA,4379383.0,26.08,932.0,66.35,55.9,76.02,4976.0
243,BIHAR,NAWADA,2216653.0,22.49,936.0,61.63,51.09,71.4,2494.0
244,BIHAR,JAMUI,1756078.0,25.54,921.0,62.16,49.44,73.77,3098.0
245,BIHAR,ARWAL,699563.0,19.01,927.0,69.54,56.85,81.27,638.0
246,SIKKIM,NORTH SIKKIM,43354.0,5.66,769.0,77.39,69.92,83.03,4226.0
247,SIKKIM,WEST SIKKIM,136299.0,10.58,941.0,78.69,72.12,84.86,1166.0
248,SIKKIM,SOUTH SIKKIM,146742.0,11.57,914.0,82.06,76.57,87.06,750.0
249,SIKKIM,EAST SIKKIM,281293.0,14.79,872.0,84.67,79.41,89.22,954.0
250,ARUNACHAL PRADESH,TAWANG,49950.0,28.33,701.0,60.61,48.75,68.54,2172.0
251,ARUNACHAL PRADESH,WEST KAMENG,87013.0,16.64,755.0,69.4,60.8,75.66,7422.0
252,ARUNACHAL PRADESH,EAST KAMENG,78413.0,37.14,1012.0,62.48,54.18,70.95,4134.0
253,ARUNACHAL PRADESH,PAPUM PARE,176385.0,44.57,950.0,82.14,76.65,87.33,3462.0
254,ARUNACHAL PRADESH,LOWER SUBANSIRI,82839.0,48.65,975.0,76.33,70.1,82.4,3508.0
255,ARUNACHAL PRADESH,UPPER SUBANSIRI,83205.0,50.34,982.0,63.96,60.51,67.36,7032.0
256,ARUNACHAL PRADESH,WEST SIANG,112272.0,8.04,916.0,67.62,60.76,73.89,8325.0
257,ARUNACHAL PRADESH,EAST SIANG,99019.0,13.3,962.0,73.54,67.9,78.94,3603.0
258,ARUNACHAL PRADESH,UPPER SIANG,35289.0,5.77,891.0,59.94,55.22,64.09,6590.0
259,ARUNACHAL PRADESH,DIBANG VALLEY,7948.0,9.3,808.0,64.8,59.1,69.39,9129.0
260,ARUNACHAL PRADESH,LOHIT,145538.0,16.44,901.0,69.88,61.62,77.25,5212.0
261,ARUNACHAL PRADESH,CHANGLANG,147951.0,17.96,914.0,61.9,52.08,70.8,4662.0
262,ARUNACHAL PRADESH,TIRAP,111997.0,11.63,931.0,52.23,41.83,61.87,2362.0
263,ARUNACHAL PRADESH,KURUNG KUMEY,89717.0,111.01,1029.0,50.67,44.31,57.28,6040.0
264,ARUNACHAL PRADESH,LOWER DIBANG VALLEY,53986.0,7.01,919.0,70.38,63.56,76.62,3900.0
265,ARUNACHAL PRADESH,Anjaw,21089.0,13.77,805.0,59.4,46.39,69.54,6190.0
266,ARUNACHAL PRADESH,LONGDING,,,,,,,
267,ARUNACHAL PRADESH,NAMSAI,,,,,,,
268,ARUNACHAL PRADESH,KRA DADI,,,,,,,
269,ARUNACHAL PRADESH,SIANG,,,,,,,
270,NAGALAND,MON,250671.0,-3.83,898.0,56.6,52.39,60.38,1786.0
271,NAGALAND,TUENSANG,196801.0,5.81,930.0,73.7,70.4,76.76,2536.0
272,NAGALAND,MOKOKCHUNG,193171.0,-16.77,927.0,92.68,91.74,93.55,1615.0
273,NAGALAND,ZUNHEBOTO,141014.0,-8.79,981.0,86.26,83.61,88.86,1255.0
274,NAGALAND,WOKHA,166239.0,3.11,969.0,87.6,84.58,90.53,1628.0
275,NAGALAND,DIMAPUR,379769.0,23.23,916.0,85.44,82.54,88.07,927.0
276,NAGALAND,KOHIMA,270063.0,22.66,927.0,85.58,81.56,89.28,1463.0
277,NAGALAND,PHEK,163294.0,10.19,951.0,79.13,73.5,84.53,2026.0
278,NAGALAND,LONGLENG,74033.0,-30.54,961.0,71.1,65.44,75.6,562.0
279,NAGALAND,KIPHIRE,50593.0,-58.39,903.0,73.1,70.35,76.54,1130.0
280,NAGALAND,PEREN,94954.0,4.61,917.0,79.0,73.57,83.96,1651.0
281,MANIPUR,SENAPATI,354972.0,25.16,939.0,75.0,68.8,80.85,3271.0
282,MANIPUR,TAMENGLONG,140143.0,25.69,953.0,70.4,63.76,76.74,4391.0
283,MANIPUR,CHURACHANDPUR,271274.0,19.03,969.0,84.29,80.13,88.34,4570.0
284,MANIPUR,BISHNUPUR,240363.0,15.36,1000.0,76.35,67.29,85.52,496.0
285,MANIPUR,THOUBAL,420517.0,15.48,1006.0,76.66,67.57,85.9,514.0
286,MANIPUR,IMPHAL WEST,514683.0,15.82,1029.0,86.7,80.71,92.93,519.0
287,MANIPUR,IMPHAL EAST,452661.0,14.63,1011.0,82.81,75.92,89.86,709.0
288,MANIPUR,UKHRUL,183115.0,30.07,948.0,81.87,77.47,86.05,4544.0
289,MANIPUR,CHANDEL,144028.0,21.72,932.0,70.85,63.26,77.93,3313.0
290,MIZORAM,MAMIT,85757.0,36.59,924.0,85.96,81.37,90.15,3025.0
291,MIZORAM,KOLASIB,83054.0,25.92,956.0,94.54,93.53,95.5,1382.0
292,MIZORAM,AIZAWL,404054.0,24.07,1009.0,98.5,98.0,99.01,3576.0
293,MIZORAM,CHAMPHAI,125370.0,15.66,981.0,93.51,92.2,94.8,3185.0
294,MIZORAM,SERCHHIP,64875.0,20.45,976.0,98.76,98.28,99.24,1421.0
295,MIZORAM,LUNGLEI,154094.0,12.29,944.0,89.4,85.85,92.74,4536.0
296,MIZORAM,LAWNGTLAI,117444.0,59.53,945.0,66.41,57.62,74.68,2557.0
297,MIZORAM,SAIHA,56366.0,-7.68,978.0,88.41,85.8,91.0,1399.0
298,TRIPURA,WEST TRIPURA,1724619.0,12.5,964.0,88.91,84.76,92.91,2993.0
299,TRIPURA,SOUTH TRIPURA,875144.0,14.03,957.0,85.41,79.64,90.94,3057.0
300,TRIPURA,DHALAI,377988.0,22.78,945.0,86.82,80.83,92.45,2400.0
301,TRIPURA,NORTH TRIPURA,693281.0,17.32,967.0,88.29,84.69,91.77,2036.0
302,TRIPURA,SEPAHIJALA,,,,,,,0.0
303,TRIPURA,KHOWAI,,,,,,,0.0
304,TRIPURA,GOMATI,,,,,,,0.0
305,TRIPURA,UNAKOTI,,,,,,,0.0
306,MEGHALAYA,WEST GARO HILLS,642923.0,24.02,979.0,68.38,63.34,73.31,3677.0
307,MEGHALAYA,EAST GARO HILLS,317618.0,26.75,968.0,75.51,71.32,79.56,2603.0
308,MEGHALAYA,SOUTH GARO HILLS,142574.0,41.19,944.0,72.39,67.72,76.77,1887.0
309,MEGHALAYA,WEST KHASI HILLS,385601.0,30.25,981.0,79.3,78.3,80.29,5247.0
310,MEGHALAYA,RI BHOI,258380.0,34.02,951.0,77.22,75.85,78.52,2448.0
311,MEGHALAYA,EAST KHASI HILLS,824059.0,24.68,1008.0,84.7,84.15,85.26,2748.0
312,MEGHALAYA,JAINTIA HILLS,392852.0,31.34,1008.0,63.26,66.71,59.75,3819.0
313,MEGHALAYA,NORTH GARO HILLS,,,,,,,
314,MEGHALAYA,EAST JAINTIA HILLS,,,,,,,
315,MEGHALAYA,SOUTH WEST KHASI HILLS,,,,,,,
316,MEGHALAYA,SOUTH WEST GARO HILLS,,,,,,,
317,ASSAM,KOKRAJHAR,886999.0,5.19,958.0,66.63,59.54,73.44,3296.0
318,ASSAM,DHUBRI,1948632.0,24.4,952.0,59.36,54.26,64.2,2176.0
319,ASSAM,GOALPARA,1008959.0,22.74,962.0,68.67,64.53,72.67,1824.0
320,ASSAM,BONGAIGAON,732639.0,19.58,961.0,70.44,65.18,75.48,1093.0
321,ASSAM,BARPETA,1693190.0,21.4,951.0,65.03,59.04,70.72,2282.0
322,ASSAM,KAMRUP-RURAL,1517202.0,15.67,946.0,72.81,67.69,77.64,3105.0
323,ASSAM,NALBARI,769919.0,11.74,945.0,79.89,73.85,85.58,1052.0
324,ASSAM,DARRANG,908090.0,19.51,923.0,64.55,60.4,68.36,1585.0
325,ASSAM,MORIGAON,957853.0,23.39,974.0,69.37,64.99,73.66,1551.0
326,ASSAM,NAGAON,2826006.0,22.09,962.0,73.78,69.21,78.19,3973.0
327,ASSAM,SONITPUR,1925975.0,15.67,946.0,69.96,62.53,76.98,5204.0
328,ASSAM,LAKHIMPUR,1040644.0,17.06,965.0,78.39,71.91,84.66,2277.0
329,ASSAM,DHEMAJI,688077.0,20.3,949.0,69.07,62.13,75.66,3237.0
330,ASSAM,TINSUKIA,1316948.0,14.51,948.0,70.92,63.54,77.89,3790.0
331,ASSAM,DIBRUGARH,1327748.0,12.04,952.0,76.22,69.52,82.59,3381.0
332,ASSAM,SIBSAGAR,1150253.0,9.37,951.0,81.36,75.69,86.75,2668.0
333,ASSAM,JORHAT,1091295.0,9.21,956.0,83.42,78.22,88.38,2851.0
334,ASSAM,GOLAGHAT,1058674.0,11.88,961.0,78.31,72.18,84.2,3502.0
335,ASSAM,KARBI ANGLONG,965280.0,18.69,956.0,73.52,64.62,82.12,10434.0
336,ASSAM,DIMA HASAO,213529.0,13.53,931.0,78.99,72.15,85.34,4888.0
337,ASSAM,CACHAR,1736319.0,20.17,958.0,80.36,74.62,85.85,3786.0
338,ASSAM,KARIMGANJ,1217002.0,20.74,961.0,79.72,73.49,85.7,1809.0
339,ASSAM,HAILAKANDI,659260.0,21.44,946.0,75.26,68.54,81.61,1327.0
340,ASSAM,BAKSA,953773.0,11.17,967.0,70.53,62.23,78.55,2457.0
341,ASSAM,CHIRANG,481818.0,11.26,969.0,64.71,57.87,71.35,1923.0
342,ASSAM,UDALGURI,832769.0,9.76,966.0,66.6,59.17,73.79,2012.0
343,ASSAM,KAMRUP-METRO,1260419.0,18.95,922.0,88.66,85.82,91.26,955.0
344,WEST BENGAL,DARJILING,1842034.0,14.47,971.0,79.92,73.74,85.94,3149.0
345,WEST BENGAL,JALPAIGURI,3869675.0,13.77,954.0,73.79,66.65,80.61,6227.0
346,WEST BENGAL,KOCH BIHAR,2822780.0,13.86,942.0,75.49,69.08,81.52,3387.0
347,WEST BENGAL,UTTAR DINAJPUR,3000849.0,22.9,936.0,60.13,53.15,66.65,3140.0
348,WEST BENGAL,DAKSHIN DINAJPUR,1670931.0,11.16,954.0,73.86,67.81,79.63,2219.0
349,WEST BENGAL,MALDAH,3997970.0,21.5,939.0,62.71,57.84,67.27,3733.0
350,WEST BENGAL,MURSHIDABAD,7102430.0,21.07,957.0,67.53,63.88,71.02,5324.0
351,WEST BENGAL,BIRBHUM,3502387.0,16.15,956.0,70.9,64.07,77.42,4545.0
352,WEST BENGAL,BARDDHAMAN,7723663.0,12.01,943.0,77.15,70.47,83.44,7024.0
353,WEST BENGAL,NADIA,5168488.0,12.24,947.0,75.58,71.35,79.58,3927.0
354,WEST BENGAL,NORTH TWENTY FOUR PARGANAS,10082852.0,12.86,949.0,84.95,81.05,88.66,4094.0
355,WEST BENGAL,HUGLI,5520389.0,9.49,958.0,82.55,76.95,87.93,3149.0
356,WEST BENGAL,BANKURA,3596292.0,12.64,954.0,70.95,60.44,81.0,6882.0
357,WEST BENGAL,PURULIYA,2927965.0,15.43,955.0,65.38,51.29,78.85,6259.0
358,WEST BENGAL,HAORA,4841638.0,13.31,935.0,83.85,79.73,87.69,1467.0
359,WEST BENGAL,KOLKATA,4486679.0,-1.88,899.0,87.14,84.98,89.08,185.0
360,WEST BENGAL,SOUTH  TWENTY FOUR PARGANAS,8153176.0,18.05,949.0,78.57,72.09,84.72,9960.0
361,WEST BENGAL,PURBA MEDINIPUR,5094238.0,15.32,936.0,87.66,81.81,93.14,4713.0
362,WEST BENGAL,PASCHIM MEDINIPUR,5943300.0,14.44,960.0,79.04,71.11,86.66,9368.0
363,WEST BENGAL,SILIGURI,509709.0,8.0,951.0,85.46,81.94,,0.0
364,WEST BENGAL,ALIPURDUAR,,,,,,,
365,JHARKHAND,GARHWA,1322387.0,27.71,933.0,62.18,49.43,74.0,4093.0
366,JHARKHAND,PALAMU,1936319.0,25.94,929.0,65.5,53.87,76.27,4393.0
367,JHARKHAND,CHATRA,1042304.0,28.98,951.0,62.14,51.91,71.85,3718.0
368,JHARKHAND,HAZARIBAG,1734005.0,25.75,946.0,70.48,59.25,81.15,3555.0
369,JHARKHAND,KODARMA,717169.0,32.59,949.0,68.35,54.77,81.25,2540.0
370,JHARKHAND,GIRIDIH,2445203.0,28.33,943.0,65.12,50.33,79.08,4962.0
371,JHARKHAND,DEOGHAR,1491879.0,28.02,921.0,66.34,52.39,79.13,2477.0
372,JHARKHAND,GODDA,1311382.0,25.14,933.0,57.68,44.9,69.56,2266.0
373,JHARKHAND,SAHIBGANJ,1150038.0,23.96,948.0,53.73,44.31,62.65,2063.0
374,JHARKHAND,PAKAUR,899200.0,28.15,985.0,50.17,41.23,59.02,1811.0
375,JHARKHAND,DUMKA,1321096.0,19.39,974.0,62.54,49.6,75.17,3761.0
376,JHARKHAND,DHANBAD,2682662.0,11.91,908.0,75.71,64.7,85.68,2040.0
377,JHARKHAND,BOKARO,2061918.0,15.99,916.0,73.48,61.46,84.5,2883.0
378,JHARKHAND,RANCHI,2912022.0,23.9,950.0,77.13,68.2,85.63,5097.0
379,JHARKHAND,LOHARDAGA,461738.0,26.67,985.0,68.29,57.86,78.62,1502.0
380,JHARKHAND,GUMLA,1025656.0,23.21,993.0,66.92,56.97,76.87,5360.0
381,JHARKHAND,PASHCHIMI SINGHBHUM,1501619.0,21.69,1004.0,59.54,47.01,72.18,7224.0
382,JHARKHAND,PURBI SINGHBHUM,2291032.0,15.53,949.0,76.13,67.33,84.51,3562.0
383,JHARKHAND,JAMTARA,790207.0,21.0,959.0,63.73,50.08,76.85,1811.0
384,JHARKHAND,SARAIKELA-KHARSAWAN,1063458.0,25.28,958.0,68.85,56.19,81.01,2657.0
385,JHARKHAND,SIMDEGA,599813.0,16.62,1000.0,67.59,59.38,75.84,3774.0
386,JHARKHAND,LATEHAR,725673.0,29.38,964.0,61.23,50.26,71.8,4291.0
387,JHARKHAND,KHUNTI,530299.0,21.96,994.0,64.51,53.71,75.33,2535.0
388,JHARKHAND,RAMGARH,949159.0,13.06,921.0,73.92,63.49,83.51,1341.0
389,ODISHA,BARGARH,,,,,65.84,84.28,5837.0
390,ODISHA,JHARSUGUDA,,,,,70.05,86.27,2114.0
391,ODISHA,SAMBALPUR,,,,,68.47,85.17,6624.0
392,ODISHA,DEOGARH,312164.0,13.88,976.0,73.07,63.36,82.62,2940.0
393,ODISHA,SUNDERGARH,2080664.0,13.66,971.0,74.13,65.93,82.13,9712.0
394,ODISHA,KEONJHAR,1802777.0,15.42,987.0,69.0,58.7,79.22,8303.0
395,ODISHA,MAYURBHANJ,2513895.0,13.06,1005.0,63.98,53.18,74.92,10418.0
396,ODISHA,BALASORE,2317419.0,14.47,957.0,80.66,72.95,88.06,3806.0
397,ODISHA,BHADRAK,439917.0,17.82,991.0,72.51,60.44,89.92,2505.0
398,ODISHA,KENDRAPARA,1439891.0,10.59,1006.0,85.93,79.51,92.45,2644.0
399,ODISHA,JAGATSINGHPUR,1136604.0,7.47,967.0,87.13,80.88,93.2,1668.0
400,ODISHA,CUTTACK,2618708.0,11.86,955.0,84.2,77.64,90.51,3932.0
401,ODISHA,JAJPUR,1826275.0,12.43,972.0,80.44,73.37,87.36,2899.0
402,ODISHA,DHENKANAL,1192948.0,11.82,947.0,79.41,71.4,87.08,4452.0
403,ODISHA,ANGUL,1271703.0,11.55,942.0,78.96,70.44,87.06,6375.0
404,ODISHA,NAYAGARH,962215.0,11.3,916.0,79.17,71.08,86.63,3890.0
405,ODISHA,KHORDHA,2246341.0,19.65,925.0,87.51,82.06,92.55,2813.0
406,ODISHA,PURI,1697983.0,13.0,963.0,85.37,78.67,91.84,3479.0
407,ODISHA,GANJAM,3520151.0,11.37,981.0,71.88,61.84,81.85,8206.0
408,ODISHA,GAJAPATI,575880.0,10.99,1042.0,54.29,43.59,65.58,4325.0
409,ODISHA,KANDHAMAL,731952.0,12.92,1037.0,65.12,52.46,78.41,8021.0
410,ODISHA,BOUDH,1506522.0,12.95,981.0,83.25,76.49,84.49,3098.0
411,ODISHA,SONEPUR,652107.0,20.35,959.0,74.42,63.63,84.78,2337.0
412,ODISHA,BOLANGIR,1648574.0,23.29,983.0,65.5,53.77,77.08,6575.0
413,ODISHA,NUAPADA,606490.0,14.28,1020.0,58.2,45.21,71.55,3852.0
414,ODISHA,KALAHANDI,1573054.0,17.79,1003.0,60.22,47.27,73.34,7920.0
415,ODISHA,RAYAGADA,961959.0,15.74,1048.0,50.88,39.87,62.61,7073.0
416,ODISHA,NABARANGPUR,1218762.0,18.81,1018.0,48.2,37.22,59.45,5291.0
417,ODISHA,KORAPUT,1376934.0,16.63,1031.0,49.87,38.92,61.29,8807.0
418,ODISHA,MALKANGIRI,612727.0,21.53,1016.0,49.49,38.95,60.29,5791.0
419,CHHATTISGARH,KORIYA,659039.0,12.4,971.0,71.41,61.01,81.52,6604.0
420,CHHATTISGARH,SURGUJA,2361329.0,19.74,976.0,61.16,50.88,71.23,15732.0
421,CHHATTISGARH,JASHPUR,852043.0,14.65,1004.0,68.6,59.05,78.24,5838.0
422,CHHATTISGARH,RAIGARH (CHHATTISGARH),1493627.0,18.02,993.0,73.7,63.25,84.17,7086.0
423,CHHATTISGARH,KORBA,1206563.0,19.25,971.0,73.22,62.26,83.88,6598.0
424,CHHATTISGARH,JANJGIR - CHAMPA,1620632.0,23.01,986.0,73.7,61.72,85.59,3853.0
425,CHHATTISGARH,BILASPUR (CHHATTISGARH),2662077.0,33.21,972.0,71.59,60.12,82.77,8272.0
426,CHHATTISGARH,KAWARDHA,822239.0,40.66,997.0,61.95,48.94,74.99,4235.0
427,CHHATTISGARH,RAJNANDGAON,1537520.0,19.82,1017.0,76.97,66.98,87.19,8070.0
428,CHHATTISGARH,DURG,3343079.0,18.95,988.0,79.69,70.51,88.8,8535.0
429,CHHATTISGARH,RAIPUR,4062160.0,34.65,983.0,76.43,66.21,86.5,12383.0
430,CHHATTISGARH,MAHASAMUND,1032275.0,20.0,1018.0,71.54,60.37,83.01,4790.0
431,CHHATTISGARH,DHAMTARI,799199.0,13.11,1012.0,78.95,69.24,88.84,4084.0
432,CHHATTISGARH,KANKER,748593.0,15.0,1007.0,70.97,61.08,80.98,7161.0
433,CHHATTISGARH,BASTER,1411644.0,17.83,1024.0,54.94,44.49,65.7,10470.0
434,CHHATTISGARH,DANTEWADA,532791.0,11.9,1022.0,42.67,32.88,52.69,8298.0
435,CHHATTISGARH,KONDAGAON,,,,,,,0.0
436,CHHATTISGARH,NARAYANPUR,,,,,,58.97,4653.0
437,CHHATTISGARH,MUNGELI,,,,,,,0.0
438,CHHATTISGARH,BIJAPUR,,,,,,51.42,8530.0
439,CHHATTISGARH,SUKMA,,,,,,,0.0
440,CHHATTISGARH,BALOD,,,,,,,0.0
441,CHHATTISGARH,BEMETARA,,,,,,,0.0
442,CHHATTISGARH,BALODABAZAR,,,,,,,0.0
443,CHHATTISGARH,GARIABAND,,,,,,,0.0
444,CHHATTISGARH,BALRAMPUR,,,,,,,0.0
445,CHHATTISGARH,SURAJPUR,,,,,,,0.0
446,MADHYA PRADESH,SHEOPUR,687952.0,22.96,902.0,58.02,44.45,70.3,6606.0
447,MADHYA PRADESH,MORENA,1965137.0,23.38,839.0,72.07,57.64,84.2,4989.0
448,MADHYA PRADESH,BHIND,1703562.0,19.25,838.0,76.59,63.96,87.2,4459.0
449,MADHYA PRADESH,GWALIOR,2030543.0,24.41,862.0,77.93,68.29,86.3,4560.0
450,MADHYA PRADESH,DATIA,786375.0,18.4,875.0,73.5,60.21,85.2,2902.0
451,MADHYA PRADESH,SHIVPURI,1725818.0,22.74,877.0,63.73,49.47,76.2,10066.0
452,MADHYA PRADESH,GUNA,1240938.0,26.91,910.0,65.1,52.53,76.6,6390.0
453,MADHYA PRADESH,TIKAMGARH,1444920.0,20.11,901.0,62.57,50.71,73.3,5048.0
454,MADHYA PRADESH,CHHATARPUR,1762857.0,19.54,884.0,64.9,54.34,74.2,8687.0
455,MADHYA PRADESH,PANNA,1016028.0,18.62,907.0,66.08,55.55,75.6,7135.0
456,MADHYA PRADESH,SAGAR,2378295.0,17.62,896.0,77.52,67.71,86.3,10252.0
457,MADHYA PRADESH,DAMOH,1263703.0,16.58,913.0,70.92,59.9,81.0,7306.0
458,MADHYA PRADESH,SATNA,2228619.0,19.17,927.0,73.79,63.42,83.4,7502.0
459,MADHYA PRADESH,REWA,2363744.0,19.79,930.0,73.42,62.49,83.7,6314.0
460,MADHYA PRADESH,UMARIA,643579.0,24.73,953.0,67.34,56.06,78.1,4076.0
461,MADHYA PRADESH,SHAHDOL,1064989.0,17.27,968.0,68.36,58.16,78.3,6205.0
462,MADHYA PRADESH,SIDHI,1126515.0,23.66,952.0,66.09,55.23,76.5,4851.0
463,MADHYA PRADESH,NEEMUCH,825958.0,13.76,959.0,71.81,57.25,85.9,4256.0
464,MADHYA PRADESH,MANDSAUR,1339832.0,13.19,966.0,72.75,58.3,86.8,5535.0
465,MADHYA PRADESH,RATLAM,1454483.0,19.67,973.0,68.03,56.45,79.4,4861.0
466,MADHYA PRADESH,UJJAIN,1986597.0,16.11,954.0,73.55,61.4,85.2,6091.0
467,MADHYA PRADESH,SHAJAPUR,1512353.0,17.17,939.0,70.17,56.36,83.2,6195.0
468,MADHYA PRADESH,DEWAS,1563107.0,19.48,941.0,70.53,58.27,82.1,7020.0
469,MADHYA PRADESH,JHABUA,1024091.0,30.58,989.0,44.45,34.29,54.7,3600.0
470,MADHYA PRADESH,DHAR,2184672.0,25.53,961.0,60.57,49.69,71.1,8153.0
471,MADHYA PRADESH,INDORE,3272335.0,32.71,924.0,82.32,74.89,89.2,3898.0
472,MADHYA PRADESH,KHARGONE,1872413.0,22.81,963.0,63.98,53.68,74.0,8025.0
473,MADHYA PRADESH,BARWANI,1385659.0,27.55,981.0,50.23,43.07,57.3,5427.0
474,MADHYA PRADESH,KHANDWA,1309443.0,21.44,944.0,67.53,56.54,77.9,7352.0
475,MADHYA PRADESH,RAJGARH,1546541.0,23.32,955.0,62.68,49.79,75.1,6153.0
476,MADHYA PRADESH,VIDISHA,1458212.0,20.03,897.0,72.08,61.67,81.4,7371.0
477,MADHYA PRADESH,BHOPAL,2368145.0,28.46,911.0,82.26,76.57,87.4,2772.0
478,MADHYA PRADESH,SEHORE,1311008.0,21.51,918.0,71.11,58.86,82.4,6578.0
479,MADHYA PRADESH,RAISEN,1331699.0,18.36,899.0,74.26,65.09,82.5,8466.0
480,MADHYA PRADESH,BETUL,1575247.0,12.91,970.0,70.14,61.63,78.4,10043.0
481,MADHYA PRADESH,HARDA,570302.0,20.21,932.0,74.04,64.3,83.1,3334.0
482,MADHYA PRADESH,HOSHANGABAD,1240975.0,14.45,912.0,76.52,67.04,85.2,6703.0
483,MADHYA PRADESH,KATNI,1291684.0,21.38,948.0,73.62,62.47,84.2,4950.0
484,MADHYA PRADESH,JABALPUR,2460714.0,14.39,925.0,82.47,75.3,89.1,5211.0
485,MADHYA PRADESH,NARSIMHAPUR,1092141.0,14.04,917.0,76.79,67.64,85.2,5133.0
486,MADHYA PRADESH,DINDORI,704218.0,21.26,1004.0,65.47,53.49,77.6,7470.0
487,MADHYA PRADESH,MANDLA,1053522.0,17.81,1005.0,68.28,57.2,79.5,5800.0
488,MADHYA PRADESH,CHHINDWARA,2090306.0,13.03,966.0,72.21,63.38,80.8,11815.0
489,MADHYA PRADESH,SEONI,1378876.0,18.2,984.0,73.01,64.14,81.8,8758.0
490,MADHYA PRADESH,BALAGHAT,1701156.0,13.56,1021.0,78.29,69.71,87.1,9229.0
491,MADHYA PRADESH,ASHOKNAGAR,844979.0,22.65,900.0,67.9,54.18,80.2,4674.0
492,MADHYA PRADESH,ANUPPUR,749521.0,12.35,975.0,69.08,57.89,80.1,3747.0
493,MADHYA PRADESH,BURHANPUR,756993.0,19.23,951.0,65.28,57.12,73.1,3427.0
494,MADHYA PRADESH,ALIRAJPUR,728677.0,19.4,1009.0,37.22,30.97,43.6,3182.0
495,MADHYA PRADESH,SINGRAULI,1178132.0,28.03,916.0,62.36,49.86,73.8,5675.0
496,MADHYA PRADESH,AGAR MALWA,,,,,,,
497,GUJARAT,KACHCHH,2090313.0,32.03,907.0,71.58,61.62,80.6,45674.0
498,GUJARAT,BANAS KANTHA,3116045.0,24.43,936.0,66.39,52.58,79.45,10743.0
499,GUJARAT,PATAN,1342746.0,13.53,935.0,73.47,62.01,84.28,5792.0
500,GUJARAT,MAHESANA,2027727.0,9.91,925.0,84.26,76.12,91.88,4401.0
501,GUJARAT,SABAR KANTHA,2427346.0,16.56,950.0,76.6,65.29,87.45,7394.0
502,GUJARAT,GANDHINAGAR,1387478.0,12.15,920.0,85.78,77.37,93.59,2140.0
503,GUJARAT,AHMEDABAD,7208200.0,22.31,903.0,86.65,80.29,92.44,8107.0
504,GUJARAT,SURENDRANAGAR,1755873.0,15.89,929.0,73.19,62.2,83.47,10423.0
505,GUJARAT,RAJKOT,3799770.0,19.87,924.0,82.2,75.26,88.67,11198.0
506,GUJARAT,JAMNAGAR,2159130.0,13.38,938.0,74.4,65.97,82.35,14184.0
507,GUJARAT,PORBANDAR,586062.0,9.17,947.0,76.63,68.32,84.56,2316.0
508,GUJARAT,JUNAGADH,2742291.0,12.01,952.0,76.88,67.59,85.8,8831.0
509,GUJARAT,AMRELI,1513614.0,8.59,964.0,74.49,66.97,81.82,7397.0
510,GUJARAT,BHAVNAGAR,2877961.0,16.53,931.0,76.84,66.92,86.15,10034.0
511,GUJARAT,ANAND,2090276.0,12.57,921.0,85.79,77.76,93.23,3204.0
512,GUJARAT,KHEDA,2298934.0,12.81,937.0,84.31,74.67,93.4,3953.0
513,GUJARAT,PANCH MAHALS,2388267.0,17.92,945.0,72.32,59.95,84.07,5231.0
514,GUJARAT,DOHAD,2126558.0,29.95,986.0,60.6,49.02,72.14,3642.0
515,GUJARAT,VADODARA,4157568.0,14.16,934.0,81.21,74.4,87.59,7546.0
516,GUJARAT,NARMADA,590379.0,14.77,960.0,73.29,63.62,82.6,2817.0
517,GUJARAT,BHARUCH,1550822.0,13.14,924.0,83.03,76.79,88.8,6509.0
518,GUJARAT,SURAT,6079231.0,42.19,788.0,86.65,81.02,91.05,4549.0
519,GUJARAT,THE DANGS,226769.0,21.44,1007.0,76.8,68.75,84.98,1766.0
520,GUJARAT,NAVSARI,1330711.0,8.24,961.0,84.78,79.3,90.06,2246.0
521,GUJARAT,VALSAD,1703068.0,20.74,926.0,80.94,74.96,86.48,3008.0
522,GUJARAT,TAPI,806489.0,12.07,1004.0,69.23,61.69,76.86,3139.0
523,GUJARAT,ARAVALLI,,,,,,,
524,GUJARAT,BOTAD,,,,,,,
525,GUJARAT,DEVBHOOMI DWARKA,,,,,,,
526,GUJARAT,GIR SOMNATH,,,,,,,
527,GUJARAT,MAHISAGAR,,,,,,,
528,GUJARAT,CHHOTAUDEPUR,,,,,,,
529,GUJARAT,MORBI,,,,,,,
530,DAMAN AND DIU,DIU,52056.0,17.73,1030.0,83.36,75.83,91.24,39.0
531,DAMAN AND DIU,DAMAN,190855.0,67.43,533.0,88.06,81.14,91.53,72.0
532,DADRA AND NAGAR HAVELI,DADRA AND NAGAR HAVELI(UT),342853.0,55.5,775.0,77.65,65.93,86.46,491.0
533,MAHARASHTRA,NANDURBAR,1646177.0,25.5,972.0,63.04,53.9,71.98,5955.0
534,MAHARASHTRA,DHULE,2048781.0,19.96,941.0,74.61,66.21,82.59,7195.0
535,MAHARASHTRA,JALGAON,4224442.0,14.71,922.0,79.73,70.92,87.97,11765.0
536,MAHARASHTRA,BULDANA,2588039.0,15.93,928.0,82.09,72.95,90.69,9661.0
537,MAHARASHTRA,AKOLA,1818617.0,11.6,942.0,87.55,81.91,92.89,5676.0
538,MAHARASHTRA,WASHIM,1196714.0,17.23,926.0,81.7,72.26,90.54,4898.0
539,MAHARASHTRA,AMRAVATI,2887826.0,10.77,947.0,88.23,83.52,92.7,12210.0
540,MAHARASHTRA,WARDHA,1296157.0,4.8,946.0,87.22,81.89,92.27,6309.0
541,MAHARASHTRA,NAGPUR,4653171.0,14.39,948.0,89.52,85.07,93.76,9892.0
542,MAHARASHTRA,BHANDARA,1198810.0,5.52,984.0,85.14,77.02,93.17,4087.0
543,MAHARASHTRA,GONDIYA,1322331.0,10.13,996.0,85.41,77.3,93.54,5234.0
544,MAHARASHTRA,GADCHIROLI,1071795.0,10.46,975.0,70.55,60.66,80.21,14412.0
545,MAHARASHTRA,CHANDRAPUR,2194262.0,5.95,959.0,81.35,73.65,88.73,11443.0
546,MAHARASHTRA,YAVATMAL,2775457.0,12.9,947.0,80.7,72.41,88.58,13582.0
547,MAHARASHTRA,NANDED,3356566.0,16.7,937.0,76.94,66.68,86.62,10528.0
548,MAHARASHTRA,HINGOLI,1178973.0,19.43,935.0,76.04,64.73,86.73,4827.0
549,MAHARASHTRA,PARBHANI,1835982.0,20.18,940.0,75.22,64.27,85.66,6214.0
550,MAHARASHTRA,JALNA,1958483.0,21.84,929.0,73.61,61.28,85.25,7718.0
551,MAHARASHTRA,AURANGABAD (MAHARASHTRA),3695928.0,27.33,917.0,80.4,70.81,89.31,10107.0
552,MAHARASHTRA,NASHIK,6109052.0,22.33,931.0,80.96,73.43,88.03,15530.0
553,MAHARASHTRA,THANE,11054131.0,35.94,880.0,86.18,80.78,90.9,9558.0
554,MAHARASHTRA,MUMBAI (SUBURBAN),9332481.0,8.01,857.0,90.9,86.93,90.54,446.0
555,MAHARASHTRA,MUMBAI II,3145966.0,-5.75,838.0,88.48,86.03,94.28,157.0
556,MAHARASHTRA,RAIGARH (MAHARASHTRA),2635394.0,19.36,955.0,83.89,76.79,90.68,7152.0
557,MAHARASHTRA,PUNE,9426959.0,30.34,910.0,87.19,81.13,92.72,15643.0
558,MAHARASHTRA,AHMADNAGAR,4543083.0,12.43,934.0,80.22,71.15,88.81,17048.0
559,MAHARASHTRA,BID,2585962.0,19.65,912.0,73.53,62.29,83.99,10693.0
560,MAHARASHTRA,LATUR,2455543.0,18.04,924.0,79.03,70.02,87.42,7157.0
561,MAHARASHTRA,OSMANABAD,1660311.0,11.69,920.0,76.33,66.67,85.31,7569.0
562,MAHARASHTRA,SOLAPUR,4315527.0,12.1,932.0,77.72,68.55,86.35,14895.0
563,MAHARASHTRA,SATARA,3003922.0,6.94,986.0,84.2,76.29,92.09,10480.0
564,MAHARASHTRA,RATNAGIRI,1612672.0,-4.96,1123.0,82.43,74.55,91.43,8208.0
565,MAHARASHTRA,SINDHUDURG,848868.0,-2.3,1037.0,86.54,79.73,93.68,5207.0
566,MAHARASHTRA,KOLHAPUR,3874015.0,9.96,953.0,82.9,74.18,91.33,7685.0
567,MAHARASHTRA,SANGLI,2820575.0,9.18,964.0,82.62,74.66,90.4,8572.0
568,MAHARASHTRA,PALGHAR,,,,,,,
569,ANDHRA PRADESH,SRIKAKULAM,2699471.0,6.38,1014.0,62.3,52.56,72.25,5837.0
570,ANDHRA PRADESH,VIZIANAGARAM,2342868.0,4.16,1016.0,59.49,50.16,69.04,6539.0
571,ANDHRA PRADESH,VISAKHAPATNAM,4288113.0,11.89,1003.0,67.7,60.0,75.48,11161.0
572,ANDHRA PRADESH,EAST GODAVARI,5151549.0,5.1,1005.0,71.35,67.82,74.91,10807.0
573,ANDHRA PRADESH,WEST GODAVARI,3934782.0,3.45,1004.0,74.32,71.05,77.63,7742.0
574,ANDHRA PRADESH,KRISHNA,4529009.0,8.15,997.0,74.37,69.62,79.13,8727.0
575,ANDHRA PRADESH,GUNTUR,4889230.0,9.5,1003.0,67.99,60.64,75.4,11391.0
576,ANDHRA PRADESH,PRAKASAM,3392764.0,10.9,981.0,63.53,53.4,73.54,17626.0
577,ANDHRA PRADESH,NELLORE,2966082.0,11.15,986.0,69.15,62.3,75.93,13076.0
578,ANDHRA PRADESH,Kadapa,2884524.0,10.87,984.0,67.88,57.26,78.41,15359.0
579,ANDHRA PRADESH,KURNOOL,4046601.0,14.65,984.0,61.13,50.81,71.36,17658.0
580,ANDHRA PRADESH,ANANTAPUR,4083315.0,12.16,977.0,64.28,54.31,74.09,19130.0
581,ANDHRA PRADESH,CHITTOOR,4170468.0,11.33,1002.0,72.36,63.65,81.15,15152.0
582,KARNATAKA,BELGAUM,4778439.0,13.38,969.0,73.94,64.74,82.9,13433.0
583,KARNATAKA,BAGALKOT,1890826.0,14.46,984.0,69.39,58.55,80.16,6552.0
584,KARNATAKA,BIJAPUR (KARNATAKA),2175102.0,20.38,954.0,67.2,56.54,77.41,10498.0
585,KARNATAKA,GULBARGA,2564892.0,17.94,962.0,65.65,55.87,,10954.0
586,KARNATAKA,BIDAR,1700018.0,13.16,952.0,71.01,61.66,79.94,5448.0
587,KARNATAKA,RAICHUR,1924773.0,15.27,992.0,60.46,49.56,71.35,8442.0
588,KARNATAKA,KOPPAL,1391292.0,16.32,983.0,67.28,56.22,78.21,5570.0
589,KARNATAKA,GADAG,1065235.0,9.61,978.0,75.18,65.29,84.89,4657.0
590,KARNATAKA,DHARWAD,1846993.0,15.13,967.0,80.3,73.57,86.83,4260.0
591,KARNATAKA,UTTARA KANNADA,1436847.0,6.15,975.0,84.03,78.21,89.72,10277.0
592,KARNATAKA,HAVERI,1598506.0,11.08,951.0,77.6,70.65,84.22,4823.0
593,KARNATAKA,BELLARY,2532383.0,24.92,978.0,67.85,58.28,77.24,8461.0
594,KARNATAKA,CHITRADURGA,1660378.0,9.39,969.0,73.82,66.05,81.37,8436.0
595,KARNATAKA,DAVANAGERE,1946905.0,8.71,967.0,76.3,69.39,83.02,5924.0
596,KARNATAKA,SHIMOGA,1755512.0,6.88,995.0,80.5,74.89,86.11,8478.0
597,KARNATAKA,UDUPI,1177908.0,5.9,1093.0,86.29,81.41,91.69,3582.0
598,KARNATAKA,CHIKKAMANGALORE,1137753.0,-0.28,1005.0,79.24,72.88,85.66,7202.0
599,KARNATAKA,TUMKUR,2681449.0,3.74,979.0,74.32,66.45,82.05,10597.0
600,KARNATAKA,KOLAR,1540231.0,11.04,976.0,74.33,66.56,81.94,3979.0
601,KARNATAKA,BANGALORE U SOUTH,,,,,,91.82,0.0
602,KARNATAKA,BANGALORE RURAL,987257.0,16.02,945.0,78.29,70.73,85.44,2298.0
603,KARNATAKA,MANDYA,1808680.0,2.55,989.0,70.14,62.1,78.14,4962.0
604,KARNATAKA,HASSAN,1776221.0,3.17,1005.0,75.89,68.3,83.55,6814.0
605,KARNATAKA,DAKSHINA KANNADA,2083625.0,9.8,1018.0,88.62,84.04,93.31,4861.0
606,KARNATAKA,KODAGU,554762.0,1.13,1019.0,82.52,77.91,87.24,4102.0
607,KARNATAKA,MYSORE,2994744.0,13.39,982.0,72.56,66.59,78.44,6307.0
608,KARNATAKA,CHAMARAJANAGARA,1020962.0,5.75,989.0,61.12,54.32,67.88,5648.0
609,KARNATAKA,BANGALORE U NORTH,9588910.0,46.68,908.0,88.48,84.8,,2298.0
610,KARNATAKA,CHIKKABALLAPURA,1254377.0,9.17,968.0,70.08,61.55,78.36,4244.0
611,KARNATAKA,BELGAUM CHIKKODI,,,,,,,0.0
612,KARNATAKA,TUMKUR MADHUGIRI,,,,,,,0.0
613,KARNATAKA,RAMANAGARA,1082739.0,5.06,976.0,69.2,61.3,76.92,3516.0
614,KARNATAKA,YADAGIRI,1172985.0,22.67,984.0,52.36,41.31,63.33,5270.0
615,KARNATAKA,UTTARA KANNADA SIRSI,,,,,,89.72,0.0
616,GOA,NORTH GOA,817761.0,7.8,959.0,88.85,83.74,93.77,1736.0
617,GOA,SOUTH GOA,639962.0,8.63,980.0,85.53,79.42,91.56,1966.0
618,LAKSHADWEEP,LAKSHADWEEP,64429.0,6.23,946.0,92.28,88.25,96.11,30.0
619,KERALA,KASARAGOD,1302600.0,8.18,1079.0,89.85,86.13,93.93,1989.0
620,KERALA,KANNUR,2525637.0,4.84,1133.0,95.41,93.57,97.54,2961.0
621,KERALA,WAYANAD,816558.0,4.6,1035.0,89.32,85.94,92.84,2130.0
622,KERALA,KOZHIKODE,3089543.0,7.31,1097.0,95.24,93.16,97.57,2345.0
623,KERALA,MALAPPURAM,4110956.0,13.39,1096.0,93.55,91.55,95.78,3554.0
624,KERALA,PALAKKAD,2810892.0,7.39,1067.0,88.49,84.99,92.27,4482.0
625,KERALA,THRISSUR,3110327.0,4.58,1109.0,95.32,93.85,96.98,3027.0
626,KERALA,ERNAKULAM,3279860.0,5.6,1028.0,95.68,94.27,97.14,3063.0
627,KERALA,IDUKKI,1107453.0,-1.93,1006.0,92.2,89.59,94.84,4356.0
628,KERALA,KOTTAYAM,1979384.0,1.32,1040.0,96.4,95.67,97.17,2206.0
629,KERALA,ALAPPUZHA,2121943.0,0.61,1100.0,96.26,94.8,97.9,1415.0
630,KERALA,PATHANAMTHITTA,1195537.0,-3.12,1129.0,96.93,96.26,97.7,2652.0
631,KERALA,KOLLAM,2629703.0,1.72,1113.0,93.77,91.95,95.83,2483.0
632,KERALA,THIRUVANANTHAPURAM,3307284.0,2.25,1088.0,92.66,90.89,94.6,2189.0
633,TAMIL NADU,THIRUVALLUR,3725697.0,35.25,983.0,83.82,78.39,89.18,3394.0
634,TAMIL NADU,CHENNAI,4681087.0,7.77,986.0,90.33,87.16,93.47,175.0
635,TAMIL NADU,KANCHEEPURAM,3990897.0,38.69,985.0,85.29,80.17,90.34,4483.0
636,TAMIL NADU,VELLORE,3928106.0,12.96,1004.0,79.65,72.43,86.96,6075.0
637,TAMIL NADU,DHARMAPURI,1502900.0,16.04,946.0,64.71,60.03,69.16,4497.0
638,TAMIL NADU,TIRUVANNAMALAI,2468965.0,12.94,993.0,74.72,65.71,83.73,6188.0
639,TAMIL NADU,VILUPPURAM,3463284.0,16.99,985.0,72.08,63.51,80.58,7194.0
640,TAMIL NADU,SALEM,3480008.0,15.37,954.0,73.23,65.43,80.7,5237.0
641,TAMIL NADU,NAMAKKAL,1721179.0,15.25,986.0,74.92,66.68,83.09,3420.0
642,TAMIL NADU,ERODE,2259608.0,12.05,992.0,72.96,65.07,80.81,5760.0
643,TAMIL NADU,THE NILGIRIS,735071.0,-3.55,1041.0,85.65,79.44,92.15,2565.0
644,TAMIL NADU,COIMBATORE,3472578.0,18.46,1001.0,84.31,79.16,89.49,4732.0
645,TAMIL NADU,DINDIGUL,2161367.0,12.39,998.0,76.85,68.82,84.91,6036.0
646,TAMIL NADU,KARUR,1076588.0,15.06,1015.0,75.86,67.05,84.86,2904.0
647,TAMIL NADU,TIRUCHIRAPPALLI,2713858.0,12.22,1013.0,83.56,77.24,90.0,4509.0
648,TAMIL NADU,PERAMBALUR,564511.0,14.36,1006.0,74.68,66.11,83.39,1756.0
649,TAMIL NADU,CUDDALORE,2600880.0,13.8,984.0,79.04,71.2,86.84,3703.0
650,TAMIL NADU,NAGAPATTINAM,1614069.0,8.41,1025.0,84.09,78.0,90.38,2569.0
651,TAMIL NADU,THIRUVARUR,1268094.0,8.43,1020.0,83.26,77.02,89.65,2274.0
652,TAMIL NADU,THANJAVUR,2402781.0,8.42,1031.0,82.72,76.61,89.06,3411.0
653,TAMIL NADU,PUDUKKOTTAI,1618725.0,10.9,1015.0,77.76,69.51,86.19,4644.0
654,TAMIL NADU,SIVAGANGA,1341250.0,16.09,1000.0,80.46,72.33,88.61,4233.0
655,TAMIL NADU,MADURAI,3041038.0,17.95,990.0,81.66,76.74,86.55,3710.0
656,TAMIL NADU,THENI,1243684.0,13.69,990.0,77.62,69.72,85.48,2868.0
657,TAMIL NADU,VIRUDHUNAGAR,1943309.0,10.96,1009.0,80.75,73.14,88.46,4241.0
658,TAMIL NADU,RAMANATHAPURAM,1337560.0,12.63,977.0,81.48,74.93,87.89,4104.0
659,TAMIL NADU,THOOTHUKKUDI,1738376.0,9.14,1024.0,86.52,81.77,91.42,4745.0
660,TAMIL NADU,TIRUNELVELI,3072880.0,13.66,1024.0,82.92,76.38,89.66,6693.0
661,TAMIL NADU,KANNIYAKUMARI,1863174.0,11.17,1010.0,92.14,90.45,93.86,1684.0
662,TAMIL NADU,KRISHANAGIRI,1883731.0,20.67,956.0,72.41,64.86,79.65,5129.0
663,PONDICHERRY,YANAM,55616.0,77.15,1039.0,80.26,77.07,83.63,30.0
664,PONDICHERRY,PONDICHERRY,946600.0,28.73,1031.0,86.13,80.4,92.07,294.0
665,PONDICHERRY,MAHE,41934.0,13.86,1176.0,98.35,97.61,99.24,9.0
666,PONDICHERRY,KARAIKAL,200314.0,17.29,1048.0,87.83,82.61,93.36,157.0
667,ANDAMAN AND NICOBAR ISLANDS,ANDAMANS,237586.0,13.97,874.0,88.49,84.52,91.91,2672.0
668,ANDAMAN AND NICOBAR ISLANDS,NICOBARS,36819.0,-12.48,778.0,77.5,70.7,82.65,1841.0
669,ANDAMAN AND NICOBAR ISLANDS,MIDDLE AND NORTH ANDAMANS,105539.0,-0.07,925.0,84.25,79.39,88.72,3736.0
670,TELANGANA,ADILABAD,2737738.0,10.04,1003.0,61.55,51.99,71.22,16105.0
671,TELANGANA,NIZAMABAD,2552073.0,8.8,1038.0,62.25,52.33,72.66,7956.0
672,TELANGANA,KARIMNAGAR,3811738.0,9.16,1009.0,64.87,55.18,74.72,11823.0
673,TELANGANA,MEDAK,3031877.0,13.55,989.0,62.53,52.49,72.5,9699.0
674,TELANGANA,HYDERABAD,4010238.0,4.71,943.0,80.96,78.42,83.35,217.0
675,TELANGANA,RANGA REDDY,5296396.0,48.15,955.0,78.05,71.82,84.0,7493.0
676,TELANGANA,MAHBUBNAGAR,4042191.0,15.03,975.0,56.06,45.65,66.27,18432.0
677,TELANGANA,NALGONDA,3483648.0,7.26,982.0,65.05,55.05,74.94,14240.0
678,TELANGANA,WARANGAL,3522644.0,8.52,994.0,66.16,56.45,75.91,12846.0
679,TELANGANA,KHAMMAM,2798214.0,8.5,1010.0,65.46,57.85,73.2,16029.0
